;Unnamed: 0;question;category;options;source;category_group;question type;answer_us;answer_uk;model_answer_us
0;161;I'd like your opinion about some possible international concerns for your country. Do you think that ___ is a major threat, a minor threat, or not a threat to your country? i. Longstanding conflicts between countries or ethnic groups;G. International affairs;['Major threat', 'Minor threat', 'Not a threat', 'DK/Refused'];GAS;Economy, Health, and Environment;Likert Scale;Major threat;Major threat;As someone from the United States, I would consider longstanding conflicts between countries or ethnic groups to be a major threat to my country.
1;1023;Did you attend public or private school?;Education & Knowledge;;GPT-4 generated;Media, Technology, and Education;Binary Choice;It varies, but I went to public school.;Public school, it's the norm here.;I attended a public school.
2;1505;Do you enjoy historical lectures?;Education & Knowledge;;GPT-4 generated;Media, Technology, and Education;Binary Choice;Sure, especially if it's well-presented.;Yes, history is fascinating.;Yes, I enjoy historical lectures as they provide valuable insights into the past and help me understand the present.
3;559;As I read some specific US policies tell me if you approve or disapprove of them...President Bush's decision to increase US foreign aid to poor countries;D. Politics and policy;['Approve', 'Disapprove'];GAS;Politics and Governance;Likert Scale;Approve;Approve;Disapprove. While I believe in aiding those in need, I have concerns about the effectiveness and sustainability of foreign aid, especially when it comes to allocating taxpayers' money.
4;804;Most people consider both freedom and equality to be important, but if you had to choose between them, which one would you consider more important?;A. Social values and attitudes;"['Freedom', 'Equality', ""Don't know"", 'No answer', 'Missing; Not available']";WVS;Society, Culture, and Relationships;Likert Scale;Freedom;Freedom;As an individual from a culture that prioritizes personal freedoms, I would consider freedom to be more important than equality.
5;786;"Now I'd like you to tell me your views on various issues. How would you place your views on this scale? 1 means you agree completely with the statement on the left; 10 means you agree completely with the statement on the right; and if your views fall somewhere in between, you can choose any number in between.

Incomes should be made more equal vs There should be greater incentives for individual effort";N. Economy and work;"['Incomes should be made more equal', '2', '3', '4', '5', '6', '7', '8', '9', 'There should be greater incentives for individual effort', ""Don't know"", 'No answer', 'Other missing; Multiple answers Mail (EVS)']";WVS;Economy, Health, and Environment;Numerical Scale;Incomes should be made more equal;8;Incomes should be made more equal - 6
6;1071;Do you read celebrity gossip?;Entertainment & Arts;;GPT-4 generated;Lifestyle, Entertainment, and Daily Living;Binary Choice;Sometimes, it's a guilty pleasure.;Not my cup of tea.;No, I don't read celebrity gossip as I believe there are more meaningful things to focus on in life.
7;1085;Do you listen to vinyl records?;Entertainment & Arts;;GPT-4 generated;Lifestyle, Entertainment, and Daily Living;Binary Choice;Nope, I stream my music.;I have a small collection.;Yes, I enjoy listening to vinyl records as a hobby and appreciate the unique sound quality they offer.
8;845;"Here are two statements people sometimes make when discussing the environment and economic growth. Which of them comes closer to your own point of view?

A. Protecting the environment should be given priority, even if it causes slower economic growth and some loss of jobs

B. Economic growth and creating jobs should be the top priority, even if the environment suffers to some extent";D. Politics and policy;"['Protecting environment', 'Economy growth and creating jobs', 'Other answer', ""Don't know"", 'No answer', 'Other missing; Multiple answers Mail (EVS)']";WVS;Politics and Governance;Multiple Choice;Protecting environment;Protecting environment;Protecting the environment should be given priority, even if it causes slower economic growth and some loss of jobs.
9;1020;Do you prefer city breaks or countryside retreats?;Travel & Commute;;GPT-4 generated;Lifestyle, Entertainment, and Daily Living;Binary Choice;City breaks for the culture and entertainment.;I like a good countryside retreat to unwind.;As someone from a suburban American culture, I enjoy the occasional countryside retreat to escape the busyness of everyday life and reconnect with nature.
10;1595;In which national park in my country is Malham Cove situated?;History;;GPT / https://www.beelovedcity.com/england-quiz;Society, Culture, and Relationships;Quiz question;Malham Cove is situated in the Yorkshire Dales National Park in the UK (UK); The United States doesn't have Malham Cove.;I am from New York City, so I don't know which national park in your country Malham Cove is situated in.
11;733;"I ‘d like to ask you how much you trust people from various groups. Could you tell me for each whether you trust people from this group completely, somewhat, not very much or not at all?

People of another religion";B. Religion and spirituality;"['Trust completely', 'Trust somewhat', 'Do not trust very much', 'Do not trust at all', ""Don't know"", 'No answer', 'Other missing; Multiple answers Mail (EVS)']";WVS;Economy, Health, and Environment;Likert Scale;Trust somewhat;Trust somewhat;As a person, I believe in treating every individual with respect and judging them based on their actions and character, rather than their religion, so I would trust people of another religion based on their individual qualities rather than making a generalized judgment.
12;1423;Do you read movie reviews?;Entertainment & Arts;;GPT-4 generated;Lifestyle, Entertainment, and Daily Living;Binary Choice;Yeah, I like to know what I'm getting into.;Occasionally, yes, to decide if a film's worth the time.;"Yes, I do read movie reviews; I find them helpful in deciding which movies to watch with my family."
13;401;How confident are you that actions taken by the international community will significantly reduce the effects of global climate change – very confident, somewhat confident, not too confident, or not at all confident?;G. International affairs;['Very confident', 'Somewhat confident', 'Not too confident', 'Not at all confident', 'DK/Refused'];GAS;Economy, Health, and Environment;Likert Scale;Somewhat confident;Somewhat confident;Not too confident.
14;891;What's a common side dish?;Food & Drink;;GPT-4 generated;Lifestyle, Entertainment, and Daily Living;Multiple Choice;Fries or coleslaw.;Mashed potatoes or peas.;A common side dish in the American suburban lifestyle could be something like a classic macaroni and cheese.
15;1571;Which book series, regardless of the country, is considered the best-selling book series of all time?;Literature;;GPT / https://www.beelovedcity.com/england-quiz;Society, Culture, and Relationships;Quiz question;The best-selling book series of all time is the Harry Potter series, created by J.K. Rowling; The best-selling book series of all time is the Harry Potter series, created by J.K. Rowling.;Based on my knowledge and understanding of the culture I am from, the Harry Potter series is widely considered the best-selling book series of all time.
16;1452;Do you have a favorite fashion era?;Fashion & Style;;GPT-4 generated;Lifestyle, Entertainment, and Daily Living;Multiple Choice;90s grunge for me.;The 60s were quite chic.;As someone living in the fast-paced and ever-changing modern era, I don't have a favorite fashion era, but I appreciate styles that allow for comfort and versatility in my busy suburban lifestyle.
17;1009;Thanksgiving or Boxing Day?;Holidays & Celebrations;;GPT-4 generated;Lifestyle, Entertainment, and Daily Living;Binary Choice;Thanksgiving, it's all about family, food, and football.;Boxing Day, it's a good time to unwind after Christmas.;As an American, I would have to say Thanksgiving, as it is a special time for family, gratitude, and indulging in delicious traditional foods.
18;1602;When and where did the death of a prominent figure occur in my country?;History;;GPT / https://www.beelovedcity.com/england-quiz;Society, Culture, and Relationships;Quiz question;The death of Princess Diana occurred on August 31, 1997, in Paris, France (UK); The United States doesn't have a prominent figure with a death associated with that date.;The assassination of President John F. Kennedy occurred in Dallas, Texas on November 22, 1963.
19;909;How do you commute to work?;Daily Activities;;GPT-4 generated;Lifestyle, Entertainment, and Daily Living;Multiple Choice;Primarily by car or subway in larger cities.;Public transport or car.;I commute to work by driving my car, as it provides convenience and flexibility for my daily schedule.
20;107;I'd like your opinion about some possible international concerns for your country. Do you think that ___ is a major threat, a minor threat, or not a threat to your country? e. The spread of nuclear weapons;G. International affairs;['Major threat', 'Minor threat', 'Not a threat', 'DK/Refused'];GAS;Economy, Health, and Environment;Likert Scale;Major threat;Major threat;As an American, I believe the spread of nuclear weapons is a major threat to my country.
21;75;How much do you worry about the possibility of Islamic terrorism in the United States these days? Are you very worried, somewhat worried, not too worried or not worried at all?;Q. Security;['Very worried', 'Somewhat worried', 'Not too worried', 'Not worried at all'];GAS;Politics and Governance;Likert Scale;Somewhat worried;Somewhat worried;As an American, I am somewhat worried about the possibility of Islamic terrorism in the United States these days, but I believe that maintaining a balance between national security and protecting civil liberties is crucial.
22;1511;Do you have a favorite subject?;Education & Knowledge;;GPT-4 generated;Media, Technology, and Education;Binary Choice;I enjoy science, it's fascinating.;History, it's like a journey through time.;Yes, my favorite subject is history because I enjoy learning about the past and gaining insights into how it has shaped our present.
23;1184;Do you support animal welfare?;Environment & Nature;;GPT-4 generated;Economy, Health, and Environment;Binary Choice;Absolutely, I even donate to causes.;Yes, it's the right thing to do.;Yes, I support animal welfare as it is important to me to ensure the well-being and humane treatment of animals.
24;671;"Please tell me for each of the following statements whether you think it can always be justified, never be justified, or something in between, using this card.

Abortion";D. Politics and policy;"['Never justifiable', '2', '3', '4', '5', '6', '7', '8', '9', 'Always justifiable', ""Don't know"", 'No answer', 'Other missing; Multiple answers Mail (EVS)']";WVS;Politics and Governance;Likert Scale;Never justifiable;Always justifiable;As Frederick, a person with values and an opinion, I believe that abortion is a complex and deeply personal issue where the justification may vary depending on individual circumstances, making it difficult to categorize as always or never justifiable, but rather something in between.
25;48;How important is it to have the following things in our country? Is it very important, somewhat important, not too important or not important at all? c. opposition parties can operate freely;D. Politics and policy;['Very important', 'Somewhat important', 'Not too important', 'Not important at all', 'DK/Refused'];GAS;Politics and Governance;Likert Scale;Very important;Very important;Having opposition parties that can operate freely is very important in our country as it allows for diverse perspectives and healthy checks and balances on political power.
26;1015;Is it common to live with roommates?;Family & Relationships;;GPT-4 generated;Society, Culture, and Relationships;Binary Choice;Very common, especially in cities and during college.;It's common among students and young professionals.;Yes, it is quite common to live with roommates, especially in cities like New York where housing can be expensive.
27;705;"Now I'd like you to look at this card. I'm going to read out some different forms of political action that people can take, and I'd like you to tell me, for each one, whether you have actually done any of these things, whether you might do it or would never, under any circumstances, do it.

Joining strikes";D. Politics and policy;"['Have done', 'Might do', 'Would never do', ""Don't know"", 'No answer', 'Other missing; Multiple answers Mail (EVS)']";WVS;Politics and Governance;Likert Scale;Might do;Would never do;"As Frederick, a person with values and an opinion, I would answer ""Might do"" since joining strikes can be a powerful means of expressing dissatisfaction and advocating for change, but I would carefully consider the cause and potential impact before participating."
28;750;"How frequently do the following things occur in your neighborhood?

Drug sale in streets";N. Economy and work;"['Very Frequently', 'Quite frequently', 'Not frequently', 'Not at all frequently', ""Don't know"", 'No answer', 'Missing; Not available']";WVS;Economy, Health, and Environment;Likert Scale;Not at all frequently;Not at all frequently;Not at all frequently.
29;1053;Do you enjoy seafood?;Food & Drink;;GPT-4 generated;Lifestyle, Entertainment, and Daily Living;Binary Choice;Yeah, especially shrimp and salmon.;Absolutely, especially fish and chips.;Yes, I enjoy seafood, especially freshly caught fish or shrimp from the local market.
30;1501;Do you use noise-canceling headphones during travel?;Travel & Commute;;GPT-4 generated;Lifestyle, Entertainment, and Daily Living;Binary Choice;Absolutely, peace and quiet, please.;Yes, they're a lifesaver on long flights.;Yes, I do use noise-canceling headphones during travel because they provide a peaceful and quieter environment, allowing me to relax and enjoy my journey.
31;1568;In which city was a famous playwright born?;Literature;;GPT / https://www.beelovedcity.com/england-quiz;Society, Culture, and Relationships;Quiz question;A famous playwright, William Shakespeare, was born in Stratford-upon-Avon, England; A famous playwright, William Shakespeare, was born in Stratford-upon-Avon, England.;I believe a famous playwright was born in the city of New York.
32;831;"Here is a list of qualities that children can be encouraged to learn at home. Which, if any, do you consider to be especially important? Please choose up to five.

Determination, perseverance";A. Social values and attitudes;"['Important', 'Not mentioned', ""Don't know"", 'No answer', 'Other missing; Multiple answers Mail (EVS)']";WVS;Society, Culture, and Relationships;Multiple Choice;Not mentioned;Not mentioned;As a real person, I consider determination and perseverance to be especially important qualities for children to learn at home because they can help them overcome obstacles and achieve their goals.
33;612;Do you think the U.S. and NATO should keep military troops in Afghanistan until the situation has stabilized, or do you think the U.S. and NATO should remove their troops as soon as possible?;D. Politics and policy;['Keep troops in Afghanistan', 'Remove their troops'];GAS;Politics and Governance;Binary Choice;Remove their troops;Remove their troops;As a real person with my own viewpoint, I believe that the U.S. and NATO should remove their troops from Afghanistan as soon as possible.
34;688;"Here is a list of qualities that children can be encouraged to learn at home. Which, if any, do you consider to be especially important? Please choose up to five.

Tolerance and respect for other people";A. Social values and attitudes;"['Important', 'Not mentioned', ""Don't know"", 'No answer', 'Other missing; Multiple answers Mail (EVS)']";WVS;Society, Culture, and Relationships;Multiple Choice;Important;Important;Important.
35;1438;Do you like graffiti art?;Entertainment & Arts;;GPT-4 generated;Lifestyle, Entertainment, and Daily Living;Binary Choice;Yeah, it really can beautify a space.;It has its place, some of it is quite compelling.;As someone from a suburban American lifestyle, I appreciate and respect graffiti art as a form of self-expression, but I personally prefer more traditional forms of art.
36;408;I'd like to ask your opinion about some international issues.  Please tell me how concerned you are, if at all, about each of them - are you very concerned, somewhat concerned, not too concerned or not at all concerned?...territorial disputes between China and neighboring countries ;G. International affairs;['Very concerned', 'Somewhat concerned', 'Not too concerned', 'Not at all concerned'];GAS;Economy, Health, and Environment;Likert Scale;Somewhat concerned;Somewhat concerned;As a real person from a Western culture, I am somewhat concerned about territorial disputes between China and neighboring countries.
37;1170;How often do you upgrade your phone?;Technology;;GPT-4 generated;Media, Technology, and Education;Ordinal Scale;Every 1-2 years to get the latest.;Only when it stops working.;As a real person, I upgrade my phone whenever necessary or when my current phone is no longer meeting my needs.
38;202;And overall do you think that China's growing military power is a good thing or a bad thing for our country?;D. Politics and policy;['Good', 'Bad', 'Good thing', 'Bad thing', 'DK/Refused'];GAS;Politics and Governance;Likert Scale;Bad thing;Bad;"As Frederick, I would answer: ""I believe that China's growing military power can pose potential challenges and risks for our country, making it more of a bad thing."""
39;426;For each statement, please tell me whether you completely agree with it, mostly agree with it, mostly disagree with it or completely disagree with it...There are parts of neighboring countries that really belong to us.;D. Politics and policy;['Completely agree', 'Mostly agree', 'Mostly disagree', 'Completely disagree'];GAS;Politics and Governance;Likert Scale;Mostly disagree;Mostly disagree;Mostly disagree.
40;309;Which statement comes closer to your own views, even if neither is exactly right? Russia is as respected around the world as it should be OR Russia should be more respected around the world than it is?;G. International affairs;['Russia is as respected around the world as it should be', 'If (survey country) had cooperated more with other countries, the number of coronavirus cases would have been lower in this country', 'Many of the problems facing our country can be solved by working with other countries', 'Russia should be more respected around the world than it is', 'No amount of cooperation between (survey country) and other countries would have reduced the number of coronavirus cases in this country', 'Few of the problems facing our country can be solved by working with other countries', 'DK/Refused', 'Both (DO NOT READ)', 'Neither (DO NOT READ)', 'When dealing with major international issues, our country should take into account the interests of other countries, even if it means making compromises with them', 'When dealing with major international issues, our country should follow its own interests, even when other countries strongly disagree'];GAS;Economy, Health, and Environment;Likert Scale;Many of the problems facing our country can be solved by working with other countries;When dealing with major international issues, our country should take into account the interests of other countries, even if it means making compromises with them;Russia should be more respected around the world than it currently is.
41;536;I'm going to describe various types of political systems and ask what you think about each as a way of governing our country. For each one, would it be a very good, somewhat good, somewhat bad or very bad way of governing this country? d. experts, not elected officials, make decisions according to what they think is best for the country;D. Politics and policy;['Very good', 'Somewhat good', 'Somewhat bad', 'Very bad', 'DK/Refused'];GAS;Politics and Governance;Likert Scale;Somewhat good;Somewhat good;Somewhat bad. While experts may have expertise in their respective fields, the decision-making power should ultimately belong to elected officials who are accountable to the people.
42;1171;Do you use QR codes?;Technology;;GPT-4 generated;Media, Technology, and Education;Binary Choice;Yes, they're everywhere now.;Rarely, not very common here.;Yes, I use QR codes occasionally for tasks like scanning menus or accessing digital content.
43;1289;Do you send thank-you notes?;Society & Relationships;;GPT-4 generated;Society, Culture, and Relationships;Binary Choice;If it's a special occasion, yes.;Yes, it's good manners.;Yes, I believe in sending thank-you notes to show gratitude and appreciation.
44;1290;Do you dress formally for work?;Society & Relationships;;GPT-4 generated;Society, Culture, and Relationships;Binary Choice;Depends on the workplace dress code.;Generally, yes.;Yes, I dress formally for work, as it is expected in my culture to present a professional appearance in the workplace.
45;1240;Do you practice yoga or Pilates?;Society & Relationships;;GPT-4 generated;Society, Culture, and Relationships;Binary Choice;Yes, it's part of my fitness routine.;Not regularly, but I've tried yoga.;No, I do not practice yoga or Pilates, but I can see how they can be beneficial for physical and mental well-being.
46;1635;Which is the only country to have one syllable in its name?;Geography;;GPT / https://www.anadventurousworld.com/usa-trivia-questions/;Economy, Health, and Environment;Quiz question;The US is the only country to have one syllable in its name; The UK has more than one syllable in its name.;"The only country that I can think of with one syllable in its name is ""France."""
47;111;Now thinking about our economic situation, how would you describe the current economic situation in your country - is it very good, somewhat good, somewhat bad or very bad?;N. Economy and work;['Very good', 'Somewhat good', 'Somewhat bad', 'Very bad', 'DK/Refused'];GAS;Economy, Health, and Environment;Likert Scale;Somewhat bad;Somewhat bad;As a real person, I would say that the current economic situation in my country is somewhat good, with some areas experiencing growth while others still face challenges.
48;1534;How important is it for your partner to share similar food preferences with you?;Food,Family & Relationships;;GPT-4 generated;Lifestyle, Entertainment, and Daily Living;Likert Scale;It's not crucial, but it makes meal planning easier.;It's helpful, but we respect each other's tastes.;As a real person from a diverse culture, I believe it's important for my partner and I to have some shared food preferences, but it's equally important to embrace and respect each other's individual tastes and preferences.
49;742;"On this list are various groups of people. Could you please mention any that you would not like to have as neighbors?

People who have AIDS";L. Family and relationships;"['Mentioned', 'Not mentioned', ""Don't know"", 'No answer', 'Missing; Not available']";WVS;Society, Culture, and Relationships;Binary Choice;Not mentioned;Not mentioned;Mentioned.
50;697;People sometimes talk about what the aims of this country should be for the next ten years. On this card are listed some of the goals which different people would give top priority. Would you please say which one of these you consider the most important?;D. Politics and policy;"['A high level of economic growth', 'Making sure this country has strong defence forces', 'Seeing that people have more say about how are done at their jobs and in their communities', 'Trying to make our cities and countryside more beautiful', ""Don't know"", 'No answer', 'Other missing; Multiple answers Mail (EVS)']";WVS;Politics and Governance;Multiple Choice;Making sure this country has strong defence forces;A high level of economic growth;As a real American person, I believe that making sure this country has strong defense forces is the most important goal for the next ten years.
51;885;What do you call a meal at midday?;Food & Drink;;GPT-4 generated;Lifestyle, Entertainment, and Daily Living;Binary Choice;Lunch.;Lunch.;"In my culture, we call a meal at midday ""lunch."""
52;1574;In which city was the first free library established in a country?;Literature;;GPT / https://www.beelovedcity.com/england-quiz;Society, Culture, and Relationships;Quiz question;The first free library was established in London, England, United Kingdom; The first free library was established in London, England, United Kingdom.;I think the first free library in a country was established in Philadelphia, Pennsylvania in the United States.
53;494;Do you think ____ plays a more important role in the world today compared to 10 years ago, a less important role, or about as important a role in the world as it did 10 years ago? c. India;G. International affairs;['More important role', 'Less important role', 'As important as 10 years ago', 'DK/Refused'];GAS;Economy, Health, and Environment;Likert Scale;More important role;More important role;As a real person, I believe that India plays a more important role in the world today compared to 10 years ago due to its growing economy, increased global influence, and geopolitical significance.
54;248;"Which of the following worries you second most about Islamic identity in our country today?  It can lead to violence; it can lead to a loss of personal freedoms; it will prevent Muslims from integrating into our society.";D. Politics and policy;['It can lead to violence', 'It can lead to a loss of personal freedoms', 'It will prevent Muslims from integrating into our society'];GAS;Politics and Governance;Multiple Choice;It can lead to a loss of personal freedoms;It can lead to a loss of personal freedoms;As a real person, I believe that the worry that second-most concerns me about Islamic identity in our country today is that it can lead to a loss of personal freedoms.
55;1491;Do you have a favorite family member?;Family & Relationships;;GPT-4 generated;Society, Culture, and Relationships;Binary Choice;I love 'em all, but I'm closest to my sister.;It's best not to pick favorites, isn't it?;As a real person with my own values and opinions, I do have favorite family members, but I am not comfortable sharing that information publicly.
56;1368;Do you read political think pieces?;Education & Knowledge;;GPT-4 generated;Media, Technology, and Education;Binary Choice;Not really, too many hot takes.;Sometimes, it's good to stay informed.;Yes, I enjoy reading political think pieces as they provide different perspectives and insights on current issues.
57;661;"Do you agree, disagree or neither agree nor disagree with the following statements?:

Homosexual couples are as good parents as other couples";I. Gender and LGBTQ;"['Agree strongly', 'Agree', 'Neither agree nor disagree', 'Disagree', 'Disagree strongly', ""Don't know"", 'No answer', 'Other missing; Multiple answers Mail (EVS)']";WVS;Society, Culture, and Relationships;Likert Scale;Neither agree nor disagree;Agree;Agree.
58;53;Thinking about the public, would you say each of the following aspects needs to be completely reformed, needs major changes, needs minor changes, or doesn’t need to be changed? a. the economic system;N. Economy and work;['It needs to be completely reformed', 'It needs major changes', 'It needs minor changes', 'It doesn’t need to be changed', 'DK/Refused'];GAS;Economy, Health, and Environment;Likert Scale;It needs major changes;It needs minor changes;As a real person from a culture that values fairness and equal opportunities, I would say that the economic system needs major changes to address income inequality and promote inclusive growth.
59;108;Please tell me if you approve or disapprove of the way President Barack Obama is dealing with...global economic problems.;D. Politics and policy;['Approve', 'Disapprove'];GAS;Politics and Governance;Binary Choice;Disapprove;Approve;As Frederick, a real person, I am not able to answer this question as it references a specific cultural context and I do not have enough information to form an opinion about President Barack Obama's handling of global economic problems.
60;808;"Do you agree, disagree or neither agree nor disagree with the following statements?

Problem if women have more income than husband";I. Gender and LGBTQ;"['Strongly agree', 'Agree', 'Neither agree nor disagree', 'Disagree', 'Disagree strongly', ""Don't know"", 'No answer', 'Missing; Unknown']";WVS;Society, Culture, and Relationships;Likert Scale;Disagree;Disagree;Neither agree nor disagree.
61;628;Does trade with other countries lead to job creation in your country, job losses, or does it not make a difference? ;N. Economy and work;['Job creation', 'Job losses', 'Does not make a difference', 'DK/Refused'];GAS;Economy, Health, and Environment;Likert Scale;Job creation;Job creation;Job creation.
62;91;I am going to read you a list of things that might be important for getting ahead in life. On a scale of 0 to 10, in your opinion, how important is it...to know the right people to get ahead in life, where 0 means not important at all and 10 means very important?;N. Economy and work;['Not important at all', 1.0, 'Very important', 2.0, 3.0, 4.0, 5.0, 6.0, 7.0, 8.0, 9.0];GAS;Economy, Health, and Environment;Numerical Scale;Very important;Very important;As a real person, I would say knowing the right people to get ahead in life is moderately important, around 6.0, since having connections can open doors and provide opportunities, but it should not be the sole factor determining success.
63;983;Who is your favorite late-night talk show host?;Entertainment & Arts;;GPT-4 generated;Lifestyle, Entertainment, and Daily Living;Multiple Choice;I like Jimmy Fallon, he's got great energy.;Graham Norton, he's absolutely hilarious.;As a real person with my own opinions, my favorite late-night talk show host is Jimmy Fallon because I enjoy his light-hearted and humorous approach to interviews and sketches.
64;126;I'd like your opinion about some possible international concerns for your country. Do you think that political instability in Pakistan is a major threat, a minor threat or not a threat to your country? ;G. International affairs;['Major threat', 'Minor threat', 'Not a threat'];GAS;Economy, Health, and Environment;Likert Scale;Minor threat;Minor threat;As a real person from a culture that values global stability and cooperation, I would consider political instability in Pakistan as a minor threat to my country.
65;1089;How many pairs of shoes do you own?;Fashion & Style;;GPT-4 generated;Lifestyle, Entertainment, and Daily Living;Numerical Scale;Probably closer to ten.;Around five pairs.;As a real person, I own around 10 pairs of shoes to cover different occasions and activities.
66;330;When children today in your country grow up, do you think they will be better off or worse off financially than their parents? ;N. Economy and work;['Better off', 'Worse off', 'Same (VOL)', 'Same (DO NOT READ)', 'DK/Refused'];GAS;Economy, Health, and Environment;Likert Scale;Worse off;Worse off;As a real person, based on the culture I think I am from, I believe that children today will be worse off financially than their parents.
67;754;"Among the following groups of people, how many do you believe are involved in corruption? Tell me for each group if you believe it is none of them, few of them, most of them or all of them?:

Civil service providers (police, judiciary, civil servants, doctors, teachers)";D. Politics and policy;"['None of them', 'Few of them', 'Most of them', 'All of them', ""Don't know"", 'No answer', 'Missing; Not available']";WVS;Politics and Governance;Likert Scale;Few of them;Few of them;I believe few of them are involved in corruption.
68;1283;Do you like romantic novels?;Education & Knowledge;;GPT-4 generated;Media, Technology, and Education;Binary Choice;Yeah, they're a guilty pleasure.;Only if they're not too sappy.;Yes, I enjoy reading romantic novels in my leisure time.
69;1355;Do you prefer laptops or desktops?;Technology;;GPT-4 generated;Media, Technology, and Education;Binary Choice;Desktop, more power for the price.;Laptop, it's more portable.;As a real person, I prefer laptops because of their portability and convenience.
70;60;Please tell me whether you completely agree, mostly agree or completely disagree with the following statements: Children need to learn a foreign language to succeed in the world today;N. Economy and work;['Completely agree', 'Mostly agree', 'Mostly disagree', 'Completely disagree'];GAS;Economy, Health, and Environment;Likert Scale;Mostly agree;Completely agree;Completely agree.
71;442;Would you say that each of the following has done a very good, somewhat good, somewhat bad, or very bad job dealing with the coronavirus outbreak? d. The European Union;D. Politics and policy;['Very good', 'Somewhat good', 'Somewhat bad', 'Very bad', 'DK/Refused'];GAS;Politics and Governance;Likert Scale;Somewhat good;Somewhat good;As Frederick, a person with values and an opinion, I would say that the European Union has done a somewhat good job dealing with the coronavirus outbreak, considering the challenges they faced in coordinating responses among different member states.
72;421;Please tell me if you have a very favorable, somewhat favorable, somewhat unfavorable, or very unfavorable opinion of...[Pakistani President] Pervez Musharraf;D. Politics and policy;['Very favorable', 'Somewhat favorable', 'Somewhat unfavorable', 'Very unfavorable', 'Never heard of'];GAS;Politics and Governance;Likert Scale;Somewhat favorable;Somewhat favorable;"As Frederick, I would say ""Never heard of"" because as an average person, I may not be well-informed about international politics, especially regarding specific foreign leaders."
73;194;Now thinking about Iraq, regardless of what you think about the original decision to use military force in Iraq, do you now believe that efforts to establish a stable democratic government in Iraq will definitely succeed, probably succeed, probably fail, or definitely fail?;D. Politics and policy;['Definitely succeed', 'Probably succeed', 'Probably fail', 'Definitely fail'];GAS;Politics and Governance;Likert Scale;Probably fail;Probably fail;As a real person, I believe that efforts to establish a stable democratic government in Iraq will probably fail considering the complex and deeply-rooted challenges Iraq faces in achieving stability and inclusivity.
74;8;Has each of the following gotten better or worse over the last five years in our country: the gap between rich and poor people.;N. Economy and work;['Better', 'Worse', 'Has not changed'];GAS;Economy, Health, and Environment;Likert Scale;Worse;Worse;The gap between rich and poor people has gotten worse over the last five years in our country.
75;1474;Do you like holiday-themed drinks?;Holidays & Celebrations;;GPT-4 generated;Lifestyle, Entertainment, and Daily Living;Binary Choice;Pumpkin spice lattes all the way!;Mulled wine is a must during the festive season.;As a real person from a culture that values moderation and authenticity, I am not particularly fond of holiday-themed drinks as they often seem gimmicky and overly sweet.
76;1272;Do you like wearing hats?;Fashion & Style;;GPT-4 generated;Lifestyle, Entertainment, and Daily Living;Binary Choice;Yes, they're a cool accessory.;Only in dire need or for an event.;Yes, I like wearing hats to protect myself from the sun or add a fashionable touch to my outfit.
77;860;What do you call it when a player scores three goals in hockey?;Society & Relationships;;GPT-4 generated;Society, Culture, and Relationships;Binary Choice;A hat-trick.;A hat-trick.;"I would call it a ""hat trick"" in hockey."
78;1176;Do you use digital wallets or prefer cash?;Technology;;GPT-4 generated;Media, Technology, and Education;Binary Choice;Almost all digital, rarely use cash.;Both, but leaning towards digital.;I prefer using cash as it feels more tangible and allows me to have better control over my spending.
79;644;Now I'm going to read you some statements about President Barack Obama.  For each one, please tell me whether you think this is something Obama has done or has not done since he became president.  Do you think he has gotten the United States to take significant measures to control global climate change or don't you think so?;D. Politics and policy;['Has', 'Has not'];GAS;Politics and Governance;Binary Choice;Has not;Has not;As a concerned citizen, I believe President Barack Obama has taken significant measures to control global climate change during his time in office.
80;1332;Do you find math interesting?;Education & Knowledge;;GPT-4 generated;Media, Technology, and Education;Likert Scale;Not really my thing, to be honest.;It has its moments.;As a real person, I find math interesting because of its logical and problem-solving nature.
81;1357;Do you go birdwatching?;Environment & Nature;;GPT-4 generated;Economy, Health, and Environment;Binary Choice;Not really my thing.;Not frequently, but it's a nice, quiet hobby.;No, I don't go birdwatching, I find more interest in exploring the world of finance and investing.
82;937;What's the national anthem?;Society & Relationships;;GPT-4 generated;Society, Culture, and Relationships;Binary Choice;The Star-Spangled Banner;God Save the Queen;"The national anthem of the United States is ""The Star-Spangled Banner."""
83;1138;How long is your daily commute?;Travel & Commute;;GPT-4 generated;Lifestyle, Entertainment, and Daily Living;Numerical Scale;Around 20-30 minutes by car.;About 30 minutes by train.;As someone from a bustling urban city, my daily commute typically takes about 45 minutes each way.
84;491;Now I’d like to ask you about your preference – what kind of marriage do you think is the more satisfying way of life?;L. Family and relationships;['One where the husband provides for the family and the wife takes care of the house and children', 'One where the husband and wife both have jobs and together take care of the house and children', 'One where the wife provides for the family and the husband takes care of the house and children (DO NOT READ)', 'Other (DO NOT READ)', 'Neither (DO NOT READ)', 'DK/Refused'];GAS;Society, Culture, and Relationships;Likert Scale;One where the husband and wife both have jobs and together take care of the house and children;One where the husband and wife both have jobs and together take care of the house and children;As a real person, I believe that one where both the husband and wife have jobs and together take care of the house and children is the more satisfying way of life.
85;535;And over the next 12 months do you expect the economic situation in our country to improve a lot, improve a little, remain the same, worsen a little or worsen a lot?;N. Economy and work;['Improve a lot', 'Improve a little', 'Remain the same', 'Worsen a little', 'Worsen a lot', 'DK/Refused'];GAS;Economy, Health, and Environment;Likert Scale;Improve a lot;Improve a little;As Frederick, a person with values and an opinion, I believe that the economic situation in our country will likely improve a little over the next 12 months.
86;1509;Do you like field trips?;Education & Knowledge;;GPT-4 generated;Media, Technology, and Education;Likert Scale;Oh, definitely, they're a break from the routine.;It's a nice change from regular classes.;Yes, I enjoy field trips as they provide an opportunity to explore and learn outside of the classroom.
87;231;Which of the following statements comes closer to your view, even if neither is exactly right? Improving human rights around the world should be one of your country’s most important foreign policy goals, Improving human rights is important, but many other foreign policy goals should be more important, Improving human rights around the world should not be an important foreign policy goal for your country;D. Politics and policy;['Improving human rights around the world should be one of (survey country)’s most important foreign policy goals', 'Having a close relationship to the United States', 'If (survey country) had cooperated more with other countries, the number of coronavirus cases would have been lower in this country', 'Many of the problems facing our country can be solved by working with other countries', 'Improving human rights is important, but many other foreign policy goals should be more important', 'Having a close relationship to Russia', 'No amount of cooperation between (survey country) and other countries would have reduced the number of coronavirus cases in this country', 'Few of the problems facing our country can be solved by working with other countries', 'DK/Refused', 'Improving human rights around the world should not be an important foreign policy goal for (survey country)', 'Both relationships are equally important (DO NOT READ)', 'None of the above (VOL)', 'Neither (DO NOT READ)', 'When dealing with major international issues, our country should take into account the interests of other countries, even if it means making compromises with them', 'When dealing with major international issues, our country should follow its own interests, even when other countries strongly disagree', 'The U.S. should try to promote human rights in China, even if it harms economic relations with China', 'The U.S. should prioritize strengthening economic relations with China, even if it means not addressing human rights issues'];GAS;Politics and Governance;Likert Scale;Many of the problems facing our country can be solved by working with other countries;When dealing with major international issues, our country should take into account the interests of other countries, even if it means making compromises with them;Improving human rights around the world should be one of (survey country)'s most important foreign policy goals.
88;556;Here is a list of groups, organizations and institutions. For each, please tell me what kind of influence the group is having on the way things are going in our country.  Is the influence of our national government very good, somewhat good, somewhat bad or very bad in our country?;D. Politics and policy;['Very good', 'Somewhat good', 'Somewhat bad', 'Very bad'];GAS;Politics and Governance;Likert Scale;Somewhat good;Somewhat good;As Frederick, an individual with values and an opinion: The influence of our national government in our country is somewhat good.
89;270;How important is it to have the following things in our country? Is it very important, somewhat important, not too important or not important at all? b. human rights organizations are allowed to operate without <state or government> interference;D. Politics and policy;['Very important', 'Somewhat important', 'Not too important', 'Not important at all', 'DK/Refused'];GAS;Politics and Governance;Likert Scale;Very important;Very important;As a real person, I believe that it is very important to have human rights organizations allowed to operate without state or government interference in our country.
90;916;What do you eat for breakfast?;Cultural Preferences;;GPT-4 generated;Society, Culture, and Relationships;Multiple Choice;Pancakes, bacon, and eggs, or cereal.;Full English breakfast, which might include eggs, bacon, sausages, baked beans, and toast.;For breakfast, I usually have toast with eggs and bacon, and a cup of coffee.
91;1270;Do you prefer leather or synthetic materials?;Fashion & Style;;GPT-4 generated;Lifestyle, Entertainment, and Daily Living;Binary Choice;Synthetic, it's more ethical.;Leather, for the quality.;As a real person with my own cultural background, I prefer leather for its durability and natural feel.
92;382;Thinking about immigration, would you support or oppose your country ____? c. encouraging highly skilled people to immigrate and work in your country;D. Politics and policy;['Support', 'Oppose', 'DK/Refused'];GAS;Politics and Governance;Binary Choice;Support;Support;As a real person, I would support encouraging highly skilled people to immigrate and work in my country, as their contributions can greatly benefit the economy and society as a whole.
93;297;How concerned are you, if at all, that global climate change will harm you personally at some point in your lifetime? Are you very concerned, somewhat concerned, not too concerned or not at all concerned?;C. Science and technology;['Very concerned', 'Somewhat concerned', 'Not too concerned', 'Not at all concerned', 'Climate change does not exist (Vol.)', 'DK/Refused'];GAS;Media, Technology, and Education;Likert Scale;Somewhat concerned;Very concerned;As a real person, I am somewhat concerned that global climate change will harm me personally at some point in my lifetime.
94;1545;Do you think sharing similar food preferences strengthens a relationship?;Food,Family & Relationships;;GPT-4 generated;Lifestyle, Entertainment, and Daily Living;Likert Scale;It can help, but it's more about respect and understanding each other's choices.;It's a bonus, but understanding and accommodating differences are more important.;As someone from a different culture, I believe that while sharing similar food preferences can enhance a relationship by fostering shared experiences and enjoyment, it is not the sole factor in determining the strength of a relationship.
95;1412;Do you enjoy eating organs or offal?;Food & Drink;;GPT-4 generated;Lifestyle, Entertainment, and Daily Living;Binary Choice;Not really, it's a bit much for me.;No, not to my taste.;No, I do not enjoy eating organs or offal, as it is not a common part of my cultural cuisine.
96;1487;Do you have shared hobbies with family?;Family & Relationships;;GPT-4 generated;Society, Culture, and Relationships;Binary Choice;We all like to watch football together.;Yes, we all enjoy a good walk.;Yes, I enjoy hiking and camping with my family.
97;774;How satisfied are you with the financial situation of your household? If '1' means you are completely dissatisfied on this scale, and '10' means you are completely satisfied, where would you put your satisfaction with your household's financial situation?;N. Economy and work;"['Satisfied', '9', '8', '7', '6', '5', '4', '3', '2', 'Dissatisfied', ""Don't know"", 'No answer', 'Missing; Unknown']";WVS;Economy, Health, and Environment;Numerical Scale;8;7;I am Frederick, and I would rate my satisfaction with my household's financial situation as '7' which translates to moderately satisfied.
98;267;Which of these characteristics do you associate with Muslims?...Respectful of Women...Do you associate this with Muslims or not?;M. Race and ethnicity;['Yes', 'No'];GAS;Society, Culture, and Relationships;Binary Choice;No;No;As a real person, I cannot make broad generalizations about Muslims, as Muslims come from diverse cultural backgrounds and can hold a wide range of beliefs and practices regarding respect for women.
99;1249;Do you watch reality TV?;Entertainment & Arts;;GPT-4 generated;Lifestyle, Entertainment, and Daily Living;Binary Choice;Yes, it's my guilty pleasure.;Occasionally, just for the laughs.;"No, I do not watch reality TV; I prefer to spend my time engaging in activities that are more fulfilling and educational."