;Unnamed: 0.1;Unnamed: 0;question;selections;options;source;value_us;value_uk;index_us;index_uk;answer_us;answer_uk;category;# of options;question type;category_group;model_answer_us;model_answer_uk;model_answer_uk_option_match;model_answer_us_option_match;#_options;score_uk;score_us;overall_score_uk;similarity_score_uk;similarity_score_us;overall_score_us;similarity_model_answers_uk_us;similarity_ground_truth_answers_uk_us;BERTScore_us_new;BERTScore_uk_new;BERTScore_us_uk_new;BERTScore_model_answers
1546;1546;1546;What is the national animal of my country?;;;GPT / https://www.beelovedcity.com/england-quiz;;;;;Bald eagle.;Lion.;General Knowledge Trivia;;Quiz question;Media, Technology, and Education;Bald eagle.;Lion.;;;0;0.0;0.0;0.9354432821273804;0.9354432821273804;-0.0875534415245056;-0.0875534415245056;-0.03820359;0.6066094;1.0;1.0;0.5567618012428284;0.5567618012428284
1547;1547;1547;What is the name of the patron saint of my country?;;;GPT / https://www.beelovedcity.com/england-quiz;;;;;No patron saint.;St. George.;General Knowledge Trivia;;Quiz question;Media, Technology, and Education;St. Patrick.;St. George.;;;0;0.0;0.0;0.9653677940368652;0.9653677940368652;0.6470003128051758;0.6470003128051758;0.5546417;0.5336171;0.6128074526786804;1.0;0.612069845199585;1.0
1548;1548;1548;What are the colors typically found on my country's flag?;;;GPT / https://www.beelovedcity.com/england-quiz;;;;;Red, white, and blue.;Red, white, and blue.;General Knowledge Trivia;;Quiz question;Media, Technology, and Education;Red, white, blue.;Red, white, blue.;;;0;0.0;0.0;0.6594166159629822;0.6594166159629822;0.6808620095252991;0.6808620095252991;0.74116504;0.72046936;0.9253225922584534;0.9253225922584534;0.9999998807907104;0.9999997615814209
1549;1549;1549;What is the population of my country?;;;GPT / https://www.beelovedcity.com/england-quiz;;;;;328 million.;Around 67 million people.;General Knowledge Trivia;;Quiz question;Media, Technology, and Education;Approximately 330 million.;Approximately 66 million.;;;0;0.0;0.0;-0.0143990516662597;-0.0143990516662597;0.6652730107307434;0.6652730107307434;0.04421507;0.6572794;1.0;0.8195972442626953;1.0;0.9754117727279663
1550;1550;1550;How many land borders does my country have? With which neighboring countries?;;;GPT / https://www.beelovedcity.com/england-quiz;;;;;Two. Canada, Mexico.;Two. Ireland, Scotland.;General Knowledge Trivia;;Quiz question;Media, Technology, and Education;USA, 2 borders: Canada, Mexico.;Elizabeth, the United Kingdom has 1 land border with Ireland.;;;0;0.0;0.0;0.5934418439865112;0.5934418439865112;0.6439033150672913;0.6439033150672913;0.5027389;0.49106556;0.7631604075431824;0.5764662623405457;0.8777698278427124;0.6067788600921631
1551;1551;1551;What was the previous capital city of my country before its current capital?;;;GPT / https://www.beelovedcity.com/england-quiz;;;;;New York City.;Edinburgh, Scotland.;General Knowledge Trivia;;Quiz question;Media, Technology, and Education;London, United Kingdom.;London, United Kingdom.;;;0;0.0;0.0;0.916078805923462;0.916078805923462;0.7350842356681824;0.7350842356681824;0.52244174;0.3752928;0.7368392944335938;0.8289170861244202;0.7799528241157532;1.000000238418579
1552;1552;1552;Who is the current monarch of my country?;;;GPT / https://www.beelovedcity.com/england-quiz;;;;;There is no monarch.;Queen Elizabeth II.;General Knowledge Trivia;;Quiz question;Media, Technology, and Education;Queen Elizabeth II.;Queen Elizabeth II.;;;0;0.0;0.0;0.2236176878213882;0.2236176878213882;0.0154723115265369;0.0154723115265369;0.16385487;0.4020033;0.5608507990837097;0.9999998807907104;0.5608507990837097;0.9999998807907104
1553;1553;1553;When is the national day of my country typically celebrated?;;;GPT / https://www.beelovedcity.com/england-quiz;;;;;July 4th.;St. George's Day, April 23rd.;General Knowledge Trivia;;Quiz question;Media, Technology, and Education;Assuming you are from the United States, the national day is typically celebrated on July 4th.;July 4th.;;;0;0.0;0.0;0.6613351702690125;0.6613351702690125;0.0902208685874939;0.0902208685874939;0.16260439;0.7599755;1.0;0.6784706711769104;0.8117539286613464;1.0
1554;1554;1554;Which anthem is typically used when my country is represented at sporting events?;;;GPT / https://www.beelovedcity.com/england-quiz;;;;;"""The Star-Spangled Banner.""";"""God Save the Queen.""";General Knowledge Trivia;;Quiz question;Media, Technology, and Education;"""Star-Spangled Banner.""";"""God Save the Queen.""";;;0;0.0;0.0;0.5300732254981995;0.5300732254981995;0.7584935426712036;0.7584935426712036;0.64536273;0.47679412;1.0;0.9999999403953552;0.7330673933029175;0.748836874961853
1555;1555;1555;How many administrative divisions are there in my country?;;;GPT / https://www.beelovedcity.com/england-quiz;;;;;50 states, 1 federal district.;Four.;General Knowledge Trivia;;Quiz question;Media, Technology, and Education;50 states.;Four.;;;0;0.0;0.0;0.1765336841344833;0.1765336841344833;-0.0216518733650445;-0.0216518733650445;0.17251782;0.5484247;1.0;1.0;0.370093435049057;0.6245294809341431
1556;1556;1556;"Which artist from my country sang ""Shape of You"" and ""Perfect""?";;;GPT / https://www.beelovedcity.com/england-quiz;;;;;Ed Sheeran.;Ed Sheeran.;Music & Arts;;Quiz question;Lifestyle, Entertainment, and Daily Living;Ed Sheeran.;Ed Sheeran.;;;0;0.0;0.0;0.5316193699836731;0.5316193699836731;0.5812090635299683;0.5812090635299683;0.76393825;0.6739335;1.0;1.0;1.0;1.0
1557;1557;1557;What is the city of origin for the Beatles?;;;GPT / https://www.beelovedcity.com/england-quiz;;;;;Liverpool, England.;Liverpool, England.;Music & Arts;;Quiz question;Lifestyle, Entertainment, and Daily Living;Liverpool, England.;Liverpool, England.;;;0;0.0;0.0;0.90693336725235;0.90693336725235;0.9474457502365112;0.9474457502365112;0.9529366;0.92461014;1.0;1.0;1.0;1.0
1558;1558;1558;In which country was the birthplace of Freddie Mercury located?;;;GPT / https://www.beelovedcity.com/england-quiz;;;;;Tanzania, East Africa.;Tanzania, East Africa.;Music & Arts;;Quiz question;Lifestyle, Entertainment, and Daily Living;Freddie Mercury: Zanzibar, Tanzania.;United Kingdom.;;;0;0.0;0.0;0.9313992857933044;0.9313992857933044;0.8802907466888428;0.8802907466888428;0.9550617;0.98729587;0.7034344673156738;0.6122230291366577;0.9999998807907104;0.5281108021736145
1559;1559;1559;Which singer from England was born in London and passed away in 2016?;;;GPT / https://www.beelovedcity.com/england-quiz;;;;;David Bowie.;David Bowie.;Music & Arts;;Quiz question;Lifestyle, Entertainment, and Daily Living;David Bowie.;David Bowie.;;;0;0.0;0.0;0.6179763674736023;0.6179763674736023;0.5993542075157166;0.5993542075157166;0.878897;0.9887865;1.0;1.0;1.0;1.0
1560;1560;1560;What is the name of the member known as Ginger Spice in the Spice Girls?;;;GPT / https://www.beelovedcity.com/england-quiz;;;;;Geri Halliwell.;Geri Halliwell.;Music & Arts;;Quiz question;Lifestyle, Entertainment, and Daily Living;Geri Halliwell.;Geri Halliwell.;;;0;0.0;0.0;0.9999998807907104;0.9999998807907104;0.9770820140838624;0.9770820140838624;0.97960794;0.9937099;1.0;1.0;1.0;1.0
1561;1561;1561;What is the real name of the famous musician Elton John?;;;GPT / https://www.beelovedcity.com/england-quiz;;;;;Reginald Kenneth Dwight.;Reginald Kenneth Dwight.;Music & Arts;;Quiz question;Lifestyle, Entertainment, and Daily Living;Reginald Kenneth Dwight.;Reginald Kenneth Dwight.;;;0;0.0;0.0;0.9999998807907104;0.9999998807907104;0.9929140210151672;0.9929140210151672;0.9999999;0.9929141;0.9999999403953552;0.9999999403953552;0.9999999403953552;0.9999999403953552
1562;1562;1562;Who is the lead singer of the band Coldplay?;;;GPT / https://www.beelovedcity.com/england-quiz;;;;;Chris Martin.;Chris Martin.;Music & Arts;;Quiz question;Lifestyle, Entertainment, and Daily Living;Chris Martin.;Chris Martin.;;;0;0.0;0.0;1.0000001192092896;1.0000001192092896;0.9757477641105652;0.9757477641105652;0.986267;0.9866086;1.0;1.0;1.0;1.0
1563;1563;1563;In which city were Liam and Noel Gallagher born?;;;GPT / https://www.beelovedcity.com/england-quiz;;;;;Manchester, England.;Manchester, England.;Music & Arts;;Quiz question;Lifestyle, Entertainment, and Daily Living;Manchester, England.;Manchester, England.;;;0;0.0;0.0;0.9643700122833252;0.9643700122833252;0.9920004606246948;0.9920004606246948;0.9643699;0.9920006;1.0;1.0;1.0;1.0
1564;1564;1564;In which country is the location of Glastonbury situated?;;;GPT / https://www.beelovedcity.com/england-quiz;;;;;United Kingdom.;United Kingdom.;Music & Arts;;Quiz question;Lifestyle, Entertainment, and Daily Living;England.;United Kingdom.;;;0;0.0;0.0;0.8457789421081543;0.8457789421081543;0.0513617023825645;0.0513617023825645;0.059292153;0.98826814;0.8486257791519165;1.0;1.0;0.8863808512687683
1565;1565;1565;Which city hosts the BoomTown festival?;;;GPT / https://www.beelovedcity.com/england-quiz;;;;;Winchester, England.;Winchester, Hampshire.;Music & Arts;;Quiz question;Lifestyle, Entertainment, and Daily Living;Austin, Texas.;Winchester.;;;0;0.0;0.0;0.1367843449115753;0.1367843449115753;0.4786557257175445;0.4786557257175445;0.42642713;0.9890148;0.7820948362350464;1.0;1.0;0.6965093612670898
1566;1566;1566;In which country was the birthplace of J.R.R. Tolkien, the author of the Hobbit and Lord of the Rings, located?;;;GPT / https://www.beelovedcity.com/england-quiz;;;;;South Africa.;South Africa.;Literature;;Quiz question;Society, Culture, and Relationships;England.;England.;;;0;0.0;0.0;0.908781886100769;0.908781886100769;0.904807984828949;0.904807984828949;1.0000001;0.9856086;0.7779526710510254;0.7779526710510254;1.0;1.0
1567;1567;1567;Which famous author wrote the novel Oliver Twist in English?;;;GPT / https://www.beelovedcity.com/england-quiz;;;;;Charles Dickens.;Charles Dickens.;Literature;;Quiz question;Society, Culture, and Relationships;Charles Dickens.;Charles Dickens.;;;0;0.0;0.0;0.9894109964370728;0.9894109964370728;0.9014735221862792;0.9014735221862792;0.92465097;0.9897163;1.0;1.0;1.0;1.0
1568;1568;1568;In which city was a famous playwright born?;;;GPT / https://www.beelovedcity.com/england-quiz;;;;;New York City.;Stratford-upon-Avon.;Literature;;Quiz question;Society, Culture, and Relationships;London, England.;Shakespeare, Stratford-upon-Avon.;;;0;0.0;0.0;0.966877579689026;0.966877579689026;0.9369651675224304;0.9369651675224304;0.96386665;0.9789591;0.7480581998825073;1.0;0.7220054864883423;0.7315369248390198
1569;1569;1569;Which famous female author is buried in the national cathedral of my country?;;;GPT / https://www.beelovedcity.com/england-quiz;;;;;Helen Keller.;Jane Austen.;Literature;;Quiz question;Society, Culture, and Relationships;Emily Dickinson.;Jane Austen.;;;0;0.0;0.0;0.8395178318023682;0.8395178318023682;0.0112918810918927;0.0112918810918927;0.021815617;0.980679;0.8177529573440552;1.0;0.785262405872345;0.8304009437561035
1570;1570;1570;What was the pen name used by the novelist and critic Eric Arthur Blair in my country?;;;GPT / https://www.beelovedcity.com/england-quiz;;;;;George Orwell.;George Orwell.;Literature;;Quiz question;Society, Culture, and Relationships;George Orwell.;George Orwell.;;;0;0.0;0.0;0.9532182812690736;0.9532182812690736;0.9192575216293336;0.9192575216293336;0.9659461;0.9791088;1.0;1.0;1.0;1.0
1571;1571;1571;Which book series, regardless of the country, is considered the best-selling book series of all time?;;;GPT / https://www.beelovedcity.com/england-quiz;;;;;Harry Potter.;Harry Potter.;Literature;;Quiz question;Society, Culture, and Relationships;Harry Potter.;Harry Potter.;;;0;0.0;0.0;0.9678357839584352;0.9678357839584352;0.9692440032958984;0.9692440032958984;0.9849879;0.9960906;1.0;1.0;1.0;1.0
1572;1572;1572;In which country does the fictional character Sherlock Holmes reside?;;;GPT / https://www.beelovedcity.com/england-quiz;;;;;United Kingdom.;United Kingdom.;Literature;;Quiz question;Society, Culture, and Relationships;United Kingdom.;England.;;;0;0.0;0.0;0.9400696754455566;0.9400696754455566;0.67454993724823;0.67454993724823;0.7038957;0.9904896;1.0;0.8486257791519165;1.0;0.8486257791519165
1573;1573;1573;In which city was the birthplace of Charles Darwin located?;;;GPT / https://www.beelovedcity.com/england-quiz;;;;;Shrewsbury, England.;Shrewsbury, England.;Literature;;Quiz question;Society, Culture, and Relationships;London, England.;Cambridge, England.;;;0;0.0;0.0;0.9829846620559692;0.9829846620559692;-0.0114584509283304;-0.0114584509283304;-0.007271399;0.9843993;1.0;1.0;1.0;1.0
1574;1574;1574;In which city was the first free library established in a country?;;;GPT / https://www.beelovedcity.com/england-quiz;;;;;Philadelphia, Pennsylvania.;Manchester, England.;Literature;;Quiz question;Society, Culture, and Relationships;Boston, Massachusetts.;Ancient Athens, Greece.;;;0;0.0;0.0;0.762518048286438;0.762518048286438;0.754086434841156;0.754086434841156;0.72904587;0.98169893;0.8214068412780762;0.8358696103096008;0.7494547367095947;0.8455667495727539
1575;1575;1575;In which city is located the largest library in Europe?;;;GPT / https://www.beelovedcity.com/england-quiz;;;;;St. Petersburg, Russia.;London, United Kingdom.;Literature;;Quiz question;Society, Culture, and Relationships;London, United Kingdom.;London, United Kingdom.;;;0;0.0;0.0;0.87840336561203;0.87840336561203;0.836225152015686;0.836225152015686;0.75728154;0.9837251;0.7516244053840637;1.000000238418579;0.7516244053840637;1.000000238418579
1576;1576;1576;Where are the studios for the Harry Potter franchise located in my country?;;;GPT / https://www.beelovedcity.com/england-quiz;;;;;Leavesden, Hertfordshire, England.;Leavesden, Hertfordshire.;Movies & TV Shows;;Quiz question;Lifestyle, Entertainment, and Daily Living;Warner Bros. Studios, California.;Warner Bros. Studios Leavesden.;;;0;0.0;0.0;0.9600300788879396;0.9600300788879396;0.9087903499603271;0.9087903499603271;0.90983325;0.99454856;0.6777684092521667;1.0;1.0;0.8914231657981873
1577;1577;1577;Who is the host of the television show Task Master?;;;GPT / https://www.beelovedcity.com/england-quiz;;;;;Greg Davies.;Greg Davies.;Movies & TV Shows;;Quiz question;Lifestyle, Entertainment, and Daily Living;Greg Davies.;Greg Davies.;;;0;0.0;0.0;0.7443520426750183;0.7443520426750183;0.5754382610321045;0.5754382610321045;0.6556699;0.9813044;1.0;1.0;1.0;1.0
1578;1578;1578;"What is the equivalent of ""Dancing with the Stars"" in different countries?";;;GPT / https://www.beelovedcity.com/england-quiz;;;;;"UK: Strictly Come Dancing
Australia: Dancing with the Stars
France: Danse avec les stars
Germany: Let's Dance
Brazil:";"Strictly Come Dancing (UK)
Bailando por un Sueño (Argentina)
Let's Dance (Germany)
Danse avec les stars (France";Movies & TV Shows;;Quiz question;Lifestyle, Entertainment, and Daily Living;Strictly Come Dancing (UK);"Strictly Come Dancing (UK)
Bailando por un Sueño (Mexico)
Danse avec les stars (France)
Ballando con le st";;;0;0.0;0.0;0.8820131421089172;0.8820131421089172;0.8990507125854492;0.8990507125854492;0.85120684;0.9480109;0.5096251964569092;0.8401233553886414;0.7029950618743896;0.8149589896202087
1579;1579;1579;"In which city is the television series Peaky Blinders"" set?""";;;GPT / https://www.beelovedcity.com/england-quiz;;;;;Birmingham, England.;Birmingham, West Midlands.;Movies & TV Shows;;Quiz question;Lifestyle, Entertainment, and Daily Living;Birmingham, England.;Birmingham, England.;;;0;0.0;0.0;0.9745641946792604;0.9745641946792604;0.9827274680137634;0.9827274680137634;0.9759201;0.9841614;1.0;1.0;1.0;1.0
1580;1580;1580;Which television soap opera holds the record for being the longest-running in my country?;;;GPT / https://www.beelovedcity.com/england-quiz;;;;;"""Guiding Light""";Coronation Street.;Movies & TV Shows;;Quiz question;Lifestyle, Entertainment, and Daily Living;"""General Hospital.""";"""Coronation Street.""";;;0;0.0;0.0;0.9618971943855286;0.9618971943855286;0.9205324649810792;0.9205324649810792;0.8239168;0.7774263;0.7619245648384094;1.0;0.6942839026451111;0.7871248126029968
1581;1581;1581;What is a popular TV show in my country where entrepreneurs present their business ideas to potential investors?;;;GPT / https://www.beelovedcity.com/england-quiz;;;;;Shark Tank.;Dragons' Den.;Movies & TV Shows;;Quiz question;Lifestyle, Entertainment, and Daily Living;Shark Tank.;Dragons' Den.;;;0;0.0;0.0;0.8808945417404175;0.8808945417404175;0.6556930541992188;0.6556930541992188;0.7957853;0.60377485;1.0;1.0;0.7712758779525757;0.7712758779525757
1582;1582;1582;Which actor from my country is known for playing the character Mark Darcy in the film Bridget Jones?;;;GPT / https://www.beelovedcity.com/england-quiz;;;;;Colin Firth.;Colin Firth.;Movies & TV Shows;;Quiz question;Lifestyle, Entertainment, and Daily Living;Colin Firth.;Colin Firth.;;;0;0.0;0.0;0.8634334206581116;0.8634334206581116;0.8440203070640564;0.8440203070640564;0.99712706;0.97190714;1.0;1.0;1.0;1.0
1583;1583;1583;Which actor from my country played the role of James Bond in the movie Casino Royale?;;;GPT / https://www.beelovedcity.com/england-quiz;;;;;Daniel Craig.;Daniel Craig.;Movies & TV Shows;;Quiz question;Lifestyle, Entertainment, and Daily Living;Daniel Craig.;Daniel Craig.;;;0;0.0;0.0;0.8118221163749695;0.8118221163749695;0.821401834487915;0.821401834487915;0.9950927;0.9312452;1.0;1.0;1.0;1.0
1584;1584;1584;In which historical figure does an actor from my country portray in the film The King's Speech?;;;GPT / https://www.beelovedcity.com/england-quiz;;;;;George VI;King George VI;Movies & TV Shows;;Quiz question;Lifestyle, Entertainment, and Daily Living;George VI.;Colin Firth as King George VI.;;;0;0.0;0.0;0.8212008476257324;0.8212008476257324;0.0070879831910133;0.0070879831910133;0.13516958;0.9637737;1.0;0.8073690533638;1.0;1.0
1585;1585;1585;Which actress from my country plays in both a specific movie and a specific TV show?;;;GPT / https://www.beelovedcity.com/england-quiz;;;;;Jennifer Aniston.;Olivia Colman.;Geography;;Quiz question;Economy, Health, and Environment;Meryl Streep.;Keira Knightley.;;;0;0.0;0.0;0.3811134696006775;0.3811134696006775;0.4804247617721557;0.4804247617721557;0.75844294;0.95641243;0.8191755414009094;0.8099071979522705;0.7993893623352051;0.7828688621520996
1586;1586;1586;What is the largest lake in my country?;;;GPT / https://www.beelovedcity.com/england-quiz;;;;;Lake Superior.;Loch Ness, Scotland.;Geography;;Quiz question;Economy, Health, and Environment;Great question, Emily! Lake Superior.;Lake Windermere.;;;0;0.0;0.0;0.8381900787353516;0.8381900787353516;0.7315842509269714;0.7315842509269714;0.5675647;0.64035714;1.0;0.750184178352356;0.8004422783851624;1.0
1587;1587;1587;Which country has the oldest national park?;;;GPT / https://www.beelovedcity.com/england-quiz;;;;;USA;United States.;Geography;;Quiz question;Economy, Health, and Environment;Yellowstone, United States.;Yellowstone, United States.;;;0;0.0;0.0;0.5584979057312012;0.5584979057312012;0.9406259059906006;0.9406259059906006;1.0000002;0.63482827;0.5192726254463196;1.0;0.6570857763290405;0.9999998807907104
1588;1588;1588;What is the name of the famous landmark situated on Salisbury Plain in Wiltshire, England?;;;GPT / https://www.beelovedcity.com/england-quiz;;;;;Stonehenge.;Stonehenge.;Geography;;Quiz question;Economy, Health, and Environment;Stonehenge.;Stonehenge.;;;0;0.0;0.0;0.9796352386474608;0.9796352386474608;0.3928537368774414;0.3928537368774414;0.99703956;0.4249813;1.0;1.0;1.0;1.0
1589;1589;1589;What is the tallest mountain in my country?;;;GPT / https://www.beelovedcity.com/england-quiz;;;;;Mount McKinley.;Ben Nevis.;Geography;;Quiz question;Economy, Health, and Environment;Mount McKinley.;Mount Everest.;;;0;0.0;0.0;0.8297793865203857;0.8297793865203857;0.8476026058197021;0.8476026058197021;0.69420296;0.5793069;1.0;0.8110201358795166;0.8797937035560608;1.0
1590;1590;1590;What is the name of the river running through the capital city of my country?;;;GPT / https://www.beelovedcity.com/england-quiz;;;;;Potomac River.;River Thames.;Geography;;Quiz question;Economy, Health, and Environment;Hudson River.;Thames River.;;;0;0.0;0.0;0.7956814765930176;0.7956814765930176;-0.0776038989424705;-0.0776038989424705;0.047156177;0.6341142;1.0;1.0;1.0;1.0
1591;1591;1591;What is the second largest city in my country after its capital?;;;GPT / https://www.beelovedcity.com/england-quiz;;;;;Los Angeles.;Birmingham, United Kingdom.;Geography;;Quiz question;Economy, Health, and Environment;Chicago.;Manchester.;;;0;0.0;0.0;0.8669160604476929;0.8669160604476929;0.6406816244125366;0.6406816244125366;0.65582734;0.6092479;0.5648679137229919;0.6813409328460693;0.8313906192779541;0.8152182102203369
1592;1592;1592;What is the largest county in my country?;;;GPT / https://www.beelovedcity.com/england-quiz;;;;;San Bernardino County.;Yorkshire.;Geography;;Quiz question;Economy, Health, and Environment;USA: Alaska;Yorkshire.;;;0;0.0;0.0;0.8449925184249878;0.8449925184249878;0.9182990789413452;0.9182990789413452;0.5824807;0.702177;0.5810607671737671;1.0;0.7375902533531189;0.5679196119308472
1593;1593;1593;In which city in my country can you find the districts of Northern Quarter, Deansgate, and Rusholme?;;;GPT / https://www.beelovedcity.com/england-quiz;;;;;Manchester, England.;Manchester.;Geography;;Quiz question;Economy, Health, and Environment;Manchester, UK.;Manchester.;;;0;0.0;0.0;0.72348952293396;0.72348952293396;0.4397529065608978;0.4397529065608978;0.70275545;0.4762201;1.0;1.0;1.0;1.0
1594;1594;1594;What is the most southerly county in my country?;;;GPT / https://www.beelovedcity.com/england-quiz;;;;;Monroe County, Florida.;Cornwall.;Geography;;Quiz question;Economy, Health, and Environment;Miami-Dade County.;Cornwall.;;;0;0.0;0.0;0.9098556637763976;0.9098556637763976;0.1185196414589881;0.1185196414589881;0.10232923;0.3413057;1.0;1.0;0.5903003811836243;0.6278883218765259
1595;1595;1595;In which national park in my country is Malham Cove situated?;;;GPT / https://www.beelovedcity.com/england-quiz;;;;;Yorkshire Dales National Park.;Yorkshire Dales.;History;;Quiz question;Society, Culture, and Relationships;I'm sorry, but I cannot infer your culture based on your way of speaking. However, Malham Cove is situated in Yorkshire Dales National Park;Peak District.;;;0;0.0;0.0;0.2396388798952102;0.2396388798952102;0.6705557107925415;0.6705557107925415;0.18229333;0.56367934;0.8446959257125854;0.7196649312973022;1.0;0.43434637784957886
1596;1596;1596;Who was the Prime Minister of my country in 2000?;;;GPT / https://www.beelovedcity.com/england-quiz;;;;;There was no Prime Minister in the United States in 2000.;Tony Blair.;History;;Quiz question;Society, Culture, and Relationships;George W. Bush.;Tony Blair.;;;0;0.0;0.0;0.972401201725006;0.972401201725006;0.0648369491100311;0.0648369491100311;0.09406307;0.5136917;0.4820650517940521;1.0;0.48660773038864136;0.7816721200942993
1597;1597;1597;What is the oldest university in my country?;;;GPT / https://www.beelovedcity.com/england-quiz;;;;;Harvard University.;Oxford University.;History;;Quiz question;Society, Culture, and Relationships;Harvard University.;Oxford University.;;;0;0.0;0.0;0.8916251063346863;0.8916251063346863;0.9439973831176758;0.9439973831176758;0.74236715;0.7980639;1.0;1.0;1.0;1.0
1598;1598;1598;Who is the longest-serving monarch in my country?;;;GPT / https://www.beelovedcity.com/england-quiz;;;;;Queen Elizabeth II.;Queen Elizabeth II.;History;;Quiz question;Society, Culture, and Relationships;Queen Elizabeth II.;Queen Elizabeth II.;;;0;0.0;0.0;0.8493314981460571;0.8493314981460571;0.0638201907277107;0.0638201907277107;0.15170011;0.559651;0.9999998807907104;0.9999998807907104;0.9999998807907104;0.9999998807907104
1599;1599;1599;In which year did a significant fire occur in my country?;;;GPT / https://www.beelovedcity.com/england-quiz;;;;;Great Chicago Fire, 1871.;1666;History;;Quiz question;Society, Culture, and Relationships;Sorry, but I can't infer the culture from your way of speaking. Could you please provide more information or specify which country you are referring to?;Great Britain, 1666.;;;0;0.0;0.0;0.7667495608329773;0.7667495608329773;0.5100473761558533;0.5100473761558533;0.6705738;0.5668833;0.5046552419662476;1.0;0.5197691917419434;0.35663241147994995
1600;1600;1600;What is the term used to describe the bombing of a city during a specific period of time, such as London in 1940-41?;;;GPT / https://www.beelovedcity.com/england-quiz;;;;;The Blitz.;The Blitz.;History;;Quiz question;Society, Culture, and Relationships;The Blitz.;The Blitz.;;;0;0.0;0.0;0.9703158140182496;0.9703158140182496;0.6939835548400879;0.6939835548400879;0.9357078;0.78017515;1.0;1.0;1.0;1.0
1601;1601;1601;In which abbey is the coronation typically held for the head of state in my country?;;;GPT / https://www.beelovedcity.com/england-quiz;;;;;Westminster Abbey.;Westminster Abbey.;History;;Quiz question;Society, Culture, and Relationships;St. Patrick's Cathedral.;Westminster Abbey.;;;0;0.0;0.0;0.9848819971084596;0.9848819971084596;0.5072556734085083;0.5072556734085083;0.71680593;0.5857937;0.8280727863311768;1.0;1.0;0.780724823474884
1602;1602;1602;When and where did the death of a prominent figure occur in my country?;;;GPT / https://www.beelovedcity.com/england-quiz;;;;;Dallas, Texas, 1963.;Princess Diana, Paris, 1997.;History;;Quiz question;Society, Culture, and Relationships;RBG, Washington D.C., 2020.;Princess Diana, Paris, 1997.;;;0;0.0;0.0;0.3820024728775024;0.3820024728775024;0.671677827835083;0.671677827835083;0.53338486;0.3195324;0.7381694316864014;1.0000001192092896;0.7617571353912354;0.6532999277114868
1603;1603;1603;Which house was associated with the color red during the Wars of the Roses in my country?;;;GPT / https://www.beelovedcity.com/england-quiz;;;;;House of Lancaster.;House of Lancaster.;History;;Quiz question;Society, Culture, and Relationships;House of Lancaster.;House of Lancaster.;;;0;0.0;0.0;0.891716718673706;0.891716718673706;0.4165022075176239;0.4165022075176239;0.8983409;0.440221;0.9999995231628418;0.9999995231628418;0.9999995231628418;0.9999995231628418
1604;1604;1604;When did the referendum for my country to leave an international organization take place?;;;GPT / https://www.beelovedcity.com/england-quiz;;;;;Brexit referendum: June 23, 2016.;23 June 2016.;History;;Quiz question;Society, Culture, and Relationships;I'm sorry, but I cannot infer your culture based on your way of speaking. Could you please provide more information about your country and the international organization;Brexit referendum, 2016.;;;0;0.0;0.0;0.9510486125946044;0.9510486125946044;0.3609454035758972;0.3609454035758972;0.4304952;0.568963;0.4858924448490143;0.6950116753578186;0.7115194797515869;0.3404295742511749
1605;1605;1605;Who was the first wife of the ruler in question in my country?;;;GPT / https://www.beelovedcity.com/england-quiz;;;;;No official first wife.;Anne Boleyn.;History;;Quiz question;Society, Culture, and Relationships;I'm sorry, but I cannot infer your culture or provide an answer based on your way of speaking. However, if you provide me with the name;I apologize for any confusion, but based on the information provided, I cannot infer your specific culture or the ruler in question in your country. Could you;;;0;0.0;0.0;-0.0183321870863437;-0.0183321870863437;0.3346407413482666;0.3346407413482666;0.07188462;0.5715581;0.5218794941902161;0.5570062398910522;0.5272268652915955;0.6824588775634766
1606;1606;1606;In which city in my country was the soft drink Vimto originally created?;;;GPT / https://www.beelovedcity.com/england-quiz;;;;;Manchester, England.;Manchester, England.;Food & Drink;;Quiz question;Lifestyle, Entertainment, and Daily Living;Manchester, England.;Manchester, England.;;;0;0.0;0.0;0.6355786919593811;0.6355786919593811;0.756491482257843;0.756491482257843;0.66084945;0.4535312;1.0;1.0;1.0;1.0
1607;1607;1607;What are the common types of beans used in the preparation of baked beans in my country?;;;GPT / https://www.beelovedcity.com/england-quiz;;;;;Navy, kidney, pinto.;Haricot, navy, cannellini.;Food & Drink;;Quiz question;Lifestyle, Entertainment, and Daily Living;Navy beans, pinto beans.;Haricot, navy, pinto.;;;0;0.0;0.0;0.941199779510498;0.941199779510498;0.7208884358406067;0.7208884358406067;0.8132571;0.6676195;0.8015331625938416;0.8939387202262878;0.8167324066162109;0.7053476572036743
1608;1608;1608;What type of meat is typically used in a traditional savory pie in my country?;;;GPT / https://www.beelovedcity.com/england-quiz;;;;;Beef or chicken.;Beef or lamb.;Food & Drink;;Quiz question;Lifestyle, Entertainment, and Daily Living;Beef or chicken.;Beef or chicken.;;;0;0.0;0.0;0.8675317764282227;0.8675317764282227;0.9048770666122437;0.9048770666122437;0.82406485;0.85153395;0.9999998211860657;0.8409863710403442;0.8336783647537231;0.9999998211860657
1609;1609;1609;What are the three primary components of a traditional dessert called Eton Mess in my country?;;;GPT / https://www.beelovedcity.com/england-quiz;;;;;Meringue, strawberries, whipped cream.;Meringue, strawberries, cream.;Food & Drink;;Quiz question;Lifestyle, Entertainment, and Daily Living;Strawberries, cream, meringue.;Strawberries, cream, meringue.;;;0;0.0;0.0;0.9518095254898072;0.9518095254898072;0.3831503987312317;0.3831503987312317;0.8161335;0.3909687;0.8714395761489868;0.9104318618774414;0.9243888258934021;1.0
1610;1610;1610;Which dessert, made of banana toffee and cream, is popular in my country?;;;GPT / https://www.beelovedcity.com/england-quiz;;;;;Banoffee pie.;Banoffee pie.;Food & Drink;;Quiz question;Lifestyle, Entertainment, and Daily Living;Banoffee pie.;Banoffee pie.;;;0;0.0;0.0;0.8055400848388672;0.8055400848388672;0.6233376264572144;0.6233376264572144;0.6009657;0.81283736;1.0;1.0;1.0;1.0
1611;1611;1611;What type of cheese is typically associated with my country?;;;GPT / https://www.beelovedcity.com/england-quiz;;;;;Cheddar cheese.;Cheddar cheese.;Food & Drink;;Quiz question;Lifestyle, Entertainment, and Daily Living;Cheddar cheese.;Cheddar cheese.;;;0;0.0;0.0;0.9433915615081788;0.9433915615081788;0.8086089491844177;0.8086089491844177;0.7748373;0.70228875;1.0;1.0;1.0;1.0
1612;1612;1612;"What is the meaning of the term ""bangers"" in my country?";;;GPT / https://www.beelovedcity.com/england-quiz;;;;;Sausages in America.;Sausages.;Food & Drink;;Quiz question;Lifestyle, Entertainment, and Daily Living;Sausages or fireworks.;Sausages.;;;0;0.0;0.0;0.9333484768867492;0.9333484768867492;0.9080989956855774;0.9080989956855774;0.9266757;0.9081756;0.7116407155990601;1.0;1.0;1.0
1613;1613;1613;What is the equivalent of Vegemite in my country?;;;GPT / https://www.beelovedcity.com/england-quiz;;;;;Peanut butter.;Marmite or Bovril.;Food & Drink;;Quiz question;Lifestyle, Entertainment, and Daily Living;Peanut butter.;Marmite or Bovril.;;;0;0.0;0.0;0.9160309433937072;0.9160309433937072;0.6008810997009277;0.6008810997009277;0.8630426;0.5917416;1.0;0.9999999403953552;0.6891181468963623;0.6891181468963623
1614;1614;1614;What type of pastry is traditionally used in a dish like Beef Wellington in my country?;;;GPT / https://www.beelovedcity.com/england-quiz;;;;;Puff pastry.;Puff pastry.;Food & Drink;;Quiz question;Lifestyle, Entertainment, and Daily Living;Puff pastry.;Puff pastry.;;;0;0.0;0.0;0.9576187133789062;0.9576187133789062;0.7739186882972717;0.7739186882972717;0.91544306;0.69323;1.0;1.0;1.0;1.0
1615;1615;1615;Which dish, commonly associated with my country, was actually invented in another country?;;;GPT / https://www.beelovedcity.com/england-quiz;;;;;Pizza.;Chicken tikka masala.;Food & Drink;;Quiz question;Lifestyle, Entertainment, and Daily Living;Pizza - Italy.;Fish and chips.;;;0;0.0;0.0;0.6748583912849426;0.6748583912849426;0.4645631909370422;0.4645631909370422;0.46270007;0.53465784;1.0;0.6593385934829712;0.7312162518501282;0.6085782051086426
1616;1616;1616;What are the two major football clubs in my country?;;;GPT / https://www.beelovedcity.com/england-quiz;;;;;Dallas Cowboys, New England Patriots.;Manchester United, Liverpool.;Sports & Recreation;;Quiz question;Economy, Health, and Environment;Yankees and Red Sox.;Manchester United, Liverpool.;;;0;0.0;0.0;0.7038453221321106;0.7038453221321106;0.7416800260543823;0.7416800260543823;0.7132329;0.74403584;0.7449402809143066;0.9999998211860657;0.7553160786628723;0.7083076238632202
1617;1617;1617;What is the biggest stadium in my country?;;;GPT / https://www.beelovedcity.com/england-quiz;;;;;Michigan Stadium.;Wembley Stadium, London.;Sports & Recreation;;Quiz question;Economy, Health, and Environment;Madison Square Garden.;Wembley Stadium.;;;0;0.0;0.0;-0.0489389598369598;-0.0489389598369598;0.9294372797012328;0.9294372797012328;-0.09359531;0.7338469;0.8103326559066772;1.0;1.0;0.8418728113174438
1618;1618;1618;When did my country win the FIFA World Cup?;;;GPT / https://www.beelovedcity.com/england-quiz;;;;;1994;1966;Sports & Recreation;;Quiz question;Economy, Health, and Environment;Brazil, 5 times.;1966;;;0;0.0;0.0;0.3451005816459656;0.3451005816459656;0.5553373098373413;0.5553373098373413;0.504835;0.6504983;0.44227656722068787;1.0;0.8535783886909485;0.41348057985305786
1619;1619;1619;Which player won the Golden Boot in the 1998 World Cup?;;;GPT / https://www.beelovedcity.com/england-quiz;;;;;Davor Šuker.;Davor Šuker.;Sports & Recreation;;Quiz question;Economy, Health, and Environment;Davor Suker.;Davor Suker.;;;0;0.0;0.0;0.3379814624786377;0.3379814624786377;0.8203214406967163;0.8203214406967163;0.29940695;0.9892385;1.0;1.0;1.0;1.0
1620;1620;1620;Who is credited with the discovery of a new land in the 15th century?;;;GPT / https://www.anadventurousworld.com/usa-trivia-questions/;;;;;Christopher Columbus.;Christopher Columbus.;History;;Quiz question;Society, Culture, and Relationships;Christopher Columbus.;Christopher Columbus.;;;0;0.0;0.0;0.991979479789734;0.991979479789734;0.9613198041915894;0.9613198041915894;0.99197924;0.96131974;1.0;1.0;1.0;1.0
1621;1621;1621;In what year was the discovery of my country?;;;GPT / https://www.anadventurousworld.com/usa-trivia-questions/;;;;;1492;43 AD;History;;Quiz question;Society, Culture, and Relationships;1492;Sorry, but I can't provide the answer you're looking for.;;;0;0.0;0.0;0.5291258096694946;0.5291258096694946;0.0498362816870212;0.0498362816870212;0.291047;0.55039597;1.0;0.24268001317977905;0.6192563772201538;0.24672891199588776
1622;1622;1622;On what date did my country declare independence from a colonial power?;;;GPT / https://www.anadventurousworld.com/usa-trivia-questions/;;;;;July 4, 1776.;4th July 1776.;History;;Quiz question;Society, Culture, and Relationships;July 4, 1776.;August 15, 1947.;;;0;0.0;0.0;0.5473445057868958;0.5473445057868958;0.8634865283966064;0.8634865283966064;0.54211533;0.61380064;1.0;0.8240419030189514;0.9410954713821411;0.8692953586578369
1623;1623;1623;What is the smallest state in terms of land area in my country?;;;GPT / https://www.anadventurousworld.com/usa-trivia-questions/;;;;;Rhode Island.;Rutland.;Geography;;Quiz question;Economy, Health, and Environment;Rhode Island.;Rutland.;;;0;0.0;0.0;0.9467998743057252;0.9467998743057252;0.9760684967041016;0.9760684967041016;0.73258924;0.7313831;1.0;1.0;0.8008933067321777;0.8008933067321777
1624;1624;1624;Who was the first leader to reside in the official presidential residence of my country?;;;GPT / https://www.anadventurousworld.com/usa-trivia-questions/;;;;;George Washington.;No official presidential residence.;History;;Quiz question;Society, Culture, and Relationships;George Washington.;Winston Churchill.;;;0;0.0;0.0;0.4704331755638122;0.4704331755638122;0.9667260646820068;0.9667260646820068;0.60462123;0.4371354;1.0;0.5264779329299927;0.6237791776657104;0.8563765287399292
1625;1625;1625;In which country is Mount Rushmore located?;;;GPT / https://www.anadventurousworld.com/usa-trivia-questions/;;;;;United States of America.;United States of America.;Geography;;Quiz question;Economy, Health, and Environment;United States.;United States.;;;0;0.0;0.0;0.0173854958266019;0.0173854958266019;0.9071937799453736;0.9071937799453736;-0.042886764;0.67992294;1.0;1.0;1.000000238418579;1.0
1626;1626;1626;What is the largest lake in my country?;;;GPT / https://www.anadventurousworld.com/usa-trivia-questions/;;;;;Lake Superior.;Loch Ness, Scotland.;Geography;;Quiz question;Economy, Health, and Environment;Great question, Emily! Lake Superior.;Lake Windermere.;;;0;0.0;0.0;0.798516035079956;0.798516035079956;0.8765638470649719;0.8765638470649719;0.79915;0.59649277;1.0;0.750184178352356;0.8004422783851624;1.0
1627;1627;1627;Which country is also referred to as 'Finlandia'?;;;GPT / https://www.anadventurousworld.com/usa-trivia-questions/;;;;;Finland.;Finland.;Geography;;Quiz question;Economy, Health, and Environment;Sweden.;Sweden.;;;0;0.0;0.0;0.8173452019691467;0.8173452019691467;0.9910658597946168;0.9910658597946168;1.0000002;0.8111055;0.8194730281829834;0.8194730281829834;1.0;1.0
1628;1628;1628;From which country was the gift of the Statue of Liberty received?;;;GPT / https://www.anadventurousworld.com/usa-trivia-questions/;;;;;France.;France.;History;;Quiz question;Society, Culture, and Relationships;France.;France.;;;0;0.0;0.0;0.5551975965499878;0.5551975965499878;0.884095311164856;0.884095311164856;0.9210606;0.56409085;1.0;1.0;1.0;1.0
1629;1629;1629;How many stars are typically found on my country's flag?;;;GPT / https://www.anadventurousworld.com/usa-trivia-questions/;;;;;Fifty.;Union Jack: 3 stars.;Geography;;Quiz question;Economy, Health, and Environment;50 stars.;Union Jack: Three.;;;0;0.0;0.0;0.7256004214286804;0.7256004214286804;0.6710205674171448;0.6710205674171448;0.64089507;0.687544;0.8023734092712402;0.8092778921127319;0.6737147569656372;0.6382497549057007
1630;1630;1630;In which year was the assassination of John F. Kennedy?;;;GPT / https://www.anadventurousworld.com/usa-trivia-questions/;;;;;1963;1963;History;;Quiz question;Society, Culture, and Relationships;1963;1963;;;0;0.0;0.0;0.5254126787185669;0.5254126787185669;0.9869499206542968;0.9869499206542968;0.9852097;0.4893056;1.0;1.0;1.0;1.0
1631;1631;1631;Which leader was born in Virgina in 1732?;;;GPT / https://www.anadventurousworld.com/usa-trivia-questions/;;;;;George Washington.;George Washington.;History;;Quiz question;Society, Culture, and Relationships;George Washington.;George Washington.;;;0;0.0;0.0;0.4416246712207794;0.4416246712207794;0.9251329898834229;0.9251329898834229;0.85687333;0.49477088;1.0;1.0;1.0;1.0
1632;1632;1632;In what year did the first Baseball World Series take place in my country?;;;GPT / https://www.anadventurousworld.com/usa-trivia-questions/;;;;;1903;1903;Sports & Recreation;;Quiz question;Economy, Health, and Environment;1903;1903;;;0;0.0;0.0;0.0420849695801734;0.0420849695801734;0.9803879261016846;0.9803879261016846;0.027293034;0.5677665;1.0;1.0;1.0;1.0
1633;1633;1633;What is the actual name of the city in my country known as 'Motor City'?;;;GPT / https://www.anadventurousworld.com/usa-trivia-questions/;;;;;Detroit, Michigan.;Coventry, West Midlands.;Geography;;Quiz question;Economy, Health, and Environment;Detroit, Michigan.;Birmingham, England.;;;0;0.0;0.0;0.7471879720687866;0.7471879720687866;0.9783203601837158;0.9783203601837158;0.87683916;0.66982;1.0;0.7698420286178589;0.763741135597229;0.8621280193328857
1634;1634;1634;What is the longest river in my country?;;;GPT / https://www.anadventurousworld.com/usa-trivia-questions/;;;;;Mississippi River.;River Severn.;Geography;;Quiz question;Economy, Health, and Environment;Mississippi River.;The Thames River.;;;0;0.0;0.0;0.8460283279418945;0.8460283279418945;0.8980420827865601;0.8980420827865601;0.51412565;0.6638071;1.0;1.0;1.0;1.0
1635;1635;1635;Which is the only country to have one syllable in its name?;;;GPT / https://www.anadventurousworld.com/usa-trivia-questions/;;;;;France.;France.;Geography;;Quiz question;Economy, Health, and Environment;China.;France.;;;0;0.0;0.0;0.0792157500982284;0.0792157500982284;0.3575484752655029;0.3575484752655029;0.12785834;0.7894417;0.9167265295982361;1.0;1.0;0.9167265295982361
1636;1636;1636;How many territories does my country typically have?;;;GPT / https://www.anadventurousworld.com/usa-trivia-questions/;;;;;5 territories.;14 territories.;Geography;;Quiz question;Economy, Health, and Environment;50 states;Around 14 territories.;;;0;0.0;0.0;0.9076805710792542;0.9076805710792542;0.5453753471374512;0.5453753471374512;0.5074364;0.5608958;0.7186481356620789;1.0;1.0;0.655389666557312
1637;1637;1637;What is the highest mountain in my country?;;;GPT / https://www.anadventurousworld.com/usa-trivia-questions/;;;;;Mount McKinley.;Ben Nevis.;Geography;;Quiz question;Economy, Health, and Environment;Mount McKinley.;Mount Everest.;;;0;0.0;0.0;0.7725006937980652;0.7725006937980652;0.3555228412151336;0.3555228412151336;0.44424444;0.58319247;1.0;0.8110201358795166;0.8797937035560608;1.0
1638;1638;1638;"What is the meaning of the abbreviation ""D.C"" in the context of my country's capital city?";;;GPT / https://www.anadventurousworld.com/usa-trivia-questions/;;;;;District of Columbia.;District of Columbia.;Geography;;Quiz question;Economy, Health, and Environment;District of Columbia.;District of Columbia.;;;0;0.0;0.0;0.4012982249259949;0.4012982249259949;0.9479745030403136;0.9479745030403136;0.9713075;0.4631722;0.9999998211860657;0.9999998211860657;0.9999998211860657;0.9999998211860657
1639;1639;1639;What is the national animal of my country?;;;GPT / https://www.anadventurousworld.com/usa-trivia-questions/;;;;;Bald eagle.;Lion.;Animals;;Quiz question;Lifestyle, Entertainment, and Daily Living;Bald eagle.;Lion.;;;0;0.0;0.0;0.9372302293777466;0.9372302293777466;0.9835225939750672;0.9835225939750672;0.57241803;0.59398866;1.0;1.0;0.5567618012428284;0.5567618012428284
1640;1640;1640;What was the previous name of a city or region in my country before it was officially called its current name?;;;GPT / https://www.anadventurousworld.com/usa-trivia-questions/;;;;;New Amsterdam;Yorkshire.;History;;Quiz question;Society, Culture, and Relationships;New Amsterdam.;London: Londinium.;;;0;0.0;0.0;0.2553951442241668;0.2553951442241668;0.4601117968559265;0.4601117968559265;0.39909518;0.28051907;1.0;0.6810380220413208;0.706615149974823;0.6904087066650391
1641;1641;1641;What is the most populated region in my country?;;;GPT / https://www.anadventurousworld.com/usa-trivia-questions/;;;;;Northeast United States.;London and Southeast.;Geography;;Quiz question;Economy, Health, and Environment;New York City.;London.;;;0;0.0;0.0;0.8615792393684387;0.8615792393684387;0.8840909004211426;0.8840909004211426;0.5952513;0.54252523;0.6744447946548462;1.0;0.6048002243041992;0.7480790019035339
1642;1642;1642;What is the most popular national park in my country?;;;GPT / https://www.anadventurousworld.com/usa-trivia-questions/;;;;;Great Smoky Mountains.;Lake District.;Travel;;Quiz question;Lifestyle, Entertainment, and Daily Living;Yellowstone National Park.;Lake District.;;;0;0.0;0.0;0.4286115169525146;0.4286115169525146;0.8449488878250122;0.8449488878250122;0.54272544;0.3185609;0.8103742599487305;1.0;0.703797459602356;0.7257372140884399
1643;1643;1643;Who was the first person from my country to land on the moon?;;;GPT / https://www.anadventurousworld.com/usa-trivia-questions/;;;;;Neil Armstrong.;Neil Armstrong.;History;;Quiz question;Society, Culture, and Relationships;Neil Armstrong.;Neil Armstrong.;;;0;0.0;0.0;0.6020498275756836;0.6020498275756836;0.8950385451316833;0.8950385451316833;0.8235998;0.52832097;1.0;1.0;1.0;1.0
1644;1644;1644;Who was the victim of an assassination in Memphis in April 1968, allegedly carried out by James Earl Ray?;;;GPT / https://www.anadventurousworld.com/usa-trivia-questions/;;;;;Martin Luther King Jr.;Martin Luther King Jr.;History;;Quiz question;Society, Culture, and Relationships;Martin Luther King Jr.;Martin Luther King Jr.;;;0;0.0;0.0;0.1045071482658386;0.1045071482658386;0.9562002420425416;0.9562002420425416;0.99999994;0.13427094;1.0000003576278687;1.0000003576278687;1.0000003576278687;1.0000003576278687
1645;1645;1645;What was the first school founded in my country?;;;GPT / https://www.anadventurousworld.com/usa-trivia-questions/;;;;;Boston Latin School.;King's School Canterbury.;Education;;Quiz question;Media, Technology, and Education;Harvard University.;Eton College.;;;0;0.0;0.0;0.3497893810272217;0.3497893810272217;0.8497028946876526;0.8497028946876526;0.6916542;0.4911166;0.7199277877807617;0.6666411757469177;0.7410996556282043;0.7631468772888184
1646;1646;1646;When was the first public opening of a Disneyland theme park in my country?;;;GPT / https://www.anadventurousworld.com/usa-trivia-questions/;;;;;July 17, 1955.;July 17, 1955.;Entertainment;;Quiz question;Lifestyle, Entertainment, and Daily Living;July 17, 1955.;1955.;;;0;0.0;0.0;0.5830031633377075;0.5830031633377075;0.9917244911193848;0.9917244911193848;0.8863716;0.48688865;1.0000001192092896;1.0;1.0000001192092896;1.0
1647;1647;1647;Where was the first World Fair held in 1853?;;;GPT / https://www.anadventurousworld.com/usa-trivia-questions/;;;;;New York City.;Crystal Palace, London.;History;;Quiz question;Society, Culture, and Relationships;Crystal Palace, London.;Crystal Palace, London.;;;0;0.0;0.0;0.5940294861793518;0.5940294861793518;0.0572596751153469;0.0572596751153469;0.022078274;0.68503916;0.7355645895004272;1.000000238418579;0.7355645895004272;1.000000238418579
1648;1648;1648;How many national championships has the most successful athlete in my country won?;;;GPT / https://www.anadventurousworld.com/usa-trivia-questions/;;;;;Too many to count.;Depends on the athlete.;Sports & Recreation;;Quiz question;Economy, Health, and Environment;Depends on the country.;Sir Mo Farah, 10 championships.;;;0;0.0;0.0;0.744973361492157;0.744973361492157;0.2212506979703903;0.2212506979703903;0.2392973;0.5710428;0.6503965258598328;0.5384692549705505;0.6099592447280884;0.5676097869873047
1649;1649;1649;What is the average annual pizza consumption per person in my country?;;;GPT / https://www.anadventurousworld.com/usa-trivia-questions/;;;;;23.4 pounds.;Not enough data available.;Food & Drink;;Quiz question;Lifestyle, Entertainment, and Daily Living;Approximately 46 slices.;Not sure, sorry.;;;0;0.0;0.0;0.5834097266197205;0.5834097266197205;0.119258165359497;0.119258165359497;0.1729791;0.7614024;0.6324982047080994;0.5695459842681885;0.4475395679473877;0.44613906741142273
