;Unnamed: 0.1;Unnamed: 0;question;selections;options;source;value_us;value_uk;index_us;index_uk;answer_us;answer_uk;category;# of options;question type;category_group;model_answer_us;model_answer_uk;model_answer_uk_option_match;model_answer_us_option_match;#_options;score_uk;score_us;overall_score_uk;similarity_score_uk;similarity_score_us;overall_score_us;similarity_model_answers_uk_us;similarity_ground_truth_answers_uk_us
1546;1546;1546;What is the national animal of my country?;;;GPT / https://www.beelovedcity.com/england-quiz;;;;;Bald eagle.;Lion.;General Knowledge Trivia;;Quiz question;Media, Technology, and Education;I'm sorry, I can't help with that.;The national animal of the United Kingdom is the lion, symbolizing strength and courage.;;;0;0.0;0.0;0.9354432821273804;0.9354432821273804;-0.0875534415245056;-0.0875534415245056;-0.03820359;0.6066094
1547;1547;1547;What is the name of the patron saint of my country?;;;GPT / https://www.beelovedcity.com/england-quiz;;;;;No patron saint.;St. George.;General Knowledge Trivia;;Quiz question;Media, Technology, and Education;I'm sorry, I believe the patron saint of your country is St. Michael the Archangel.;Saint George is the patron saint of England.;;;0;0.0;0.0;0.9653677940368652;0.9653677940368652;0.6470003128051758;0.6470003128051758;0.5546417;0.5336171
1548;1548;1548;What are the colors typically found on my country's flag?;;;GPT / https://www.beelovedcity.com/england-quiz;;;;;Red, white, and blue.;Red, white, and blue.;General Knowledge Trivia;;Quiz question;Media, Technology, and Education;I'm not sure where you're from, but based on the information you provided, I'll guess that you might be from the United States. The colors typically found on the US flag are red, white, and blue.;I would say that the colors typically found on the United Kingdom's flag are red, white, and blue.;;;0;0.0;0.0;0.6594166159629822;0.6594166159629822;0.6808620095252991;0.6808620095252991;0.74116504;0.72046936
1549;1549;1549;What is the population of my country?;;;GPT / https://www.beelovedcity.com/england-quiz;;;;;328 million.;Around 67 million people.;General Knowledge Trivia;;Quiz question;Media, Technology, and Education;I think the population of my country is around 330 million people.;Sorry, I cannot assist with that.;;;0;0.0;0.0;-0.0143990516662597;-0.0143990516662597;0.6652730107307434;0.6652730107307434;0.04421507;0.6572794
1550;1550;1550;How many land borders does my country have? With which neighboring countries?;;;GPT / https://www.beelovedcity.com/england-quiz;;;;;Two. Canada, Mexico.;Two. Ireland, Scotland.;General Knowledge Trivia;;Quiz question;Media, Technology, and Education;I'm sorry, I'm not Michael, but based on the mention of Harvard University and American higher education, I assume you are referring to the United States, which has land borders with Canada and Mexico.;I'm sorry, I am not a member of the academic environment at the University of Oxford, so I cannot provide specific information about land borders or neighboring countries.;;;0;0.0;0.0;0.5934418439865112;0.5934418439865112;0.6439033150672913;0.6439033150672913;0.5027389;0.49106556
1551;1551;1551;What was the previous capital city of my country before its current capital?;;;GPT / https://www.beelovedcity.com/england-quiz;;;;;New York City.;Edinburgh, Scotland.;General Knowledge Trivia;;Quiz question;Media, Technology, and Education;The previous capital city of the United States before its current capital was Philadelphia.;The previous capital city of the United Kingdom before London was Winchester.;;;0;0.0;0.0;0.916078805923462;0.916078805923462;0.7350842356681824;0.7350842356681824;0.52244174;0.3752928
1552;1552;1552;Who is the current monarch of my country?;;;GPT / https://www.beelovedcity.com/england-quiz;;;;;There is no monarch.;Queen Elizabeth II.;General Knowledge Trivia;;Quiz question;Media, Technology, and Education;I'm sorry, I don't have that information at the moment.;The current monarch of your country is Queen Elizabeth II.;;;0;0.0;0.0;0.2236176878213882;0.2236176878213882;0.0154723115265369;0.0154723115265369;0.16385487;0.4020033
1553;1553;1553;When is the national day of my country typically celebrated?;;;GPT / https://www.beelovedcity.com/england-quiz;;;;;July 4th.;St. George's Day, April 23rd.;General Knowledge Trivia;;Quiz question;Media, Technology, and Education;I'm sorry, but based on the description, it's not clear which country you are from. Can you please specify your country so that I can provide you with the information?;I think the national day of your country is typically celebrated on [Input Country's National Day here].;;;0;0.0;0.0;0.6613351702690125;0.6613351702690125;0.0902208685874939;0.0902208685874939;0.16260439;0.7599755
1554;1554;1554;Which anthem is typically used when my country is represented at sporting events?;;;GPT / https://www.beelovedcity.com/england-quiz;;;;;"""The Star-Spangled Banner.""";"""God Save the Queen.""";General Knowledge Trivia;;Quiz question;Media, Technology, and Education;"The national anthem typically used when my country is represented at sporting events is ""The Star-Spangled Banner.""";"It sounds like Elizabeth is from the United Kingdom, so the anthem typically used when her country is represented at sporting events is ""God Save the Queen.""";;;0;0.0;0.0;0.5300732254981995;0.5300732254981995;0.7584935426712036;0.7584935426712036;0.64536273;0.47679412
1555;1555;1555;How many administrative divisions are there in my country?;;;GPT / https://www.beelovedcity.com/england-quiz;;;;;50 states, 1 federal district.;Four.;General Knowledge Trivia;;Quiz question;Media, Technology, and Education;I'm sorry, but I believe you may have mistaken me for someone else. I'd be happy to help if you have any other questions.;I am not familiar with your specific academic environment and cannot provide the exact number of administrative divisions in your country.;;;0;0.0;0.0;0.1765336841344833;0.1765336841344833;-0.0216518733650445;-0.0216518733650445;0.17251782;0.5484247
1556;1556;1556;"Which artist from my country sang ""Shape of You"" and ""Perfect""?";;;GPT / https://www.beelovedcity.com/england-quiz;;;;;Ed Sheeran.;Ed Sheeran.;Music & Arts;;Quiz question;Lifestyle, Entertainment, and Daily Living;"The artist who sang ""Shape of You"" and ""Perfect"" is Ed Sheeran, from the United Kingdom.";"Ed Sheeran sang ""Shape of You"" and ""Perfect.""";;;0;0.0;0.0;0.5316193699836731;0.5316193699836731;0.5812090635299683;0.5812090635299683;0.76393825;0.6739335
1557;1557;1557;What is the city of origin for the Beatles?;;;GPT / https://www.beelovedcity.com/england-quiz;;;;;Liverpool, England.;Liverpool, England.;Music & Arts;;Quiz question;Lifestyle, Entertainment, and Daily Living;The Beatles originated from Liverpool, England.;The city of origin for the Beatles is Liverpool, England.;;;0;0.0;0.0;0.90693336725235;0.90693336725235;0.9474457502365112;0.9474457502365112;0.9529366;0.92461014
1558;1558;1558;In which country was the birthplace of Freddie Mercury located?;;;GPT / https://www.beelovedcity.com/england-quiz;;;;;Tanzania, East Africa.;Tanzania, East Africa.;Music & Arts;;Quiz question;Lifestyle, Entertainment, and Daily Living;Freddie Mercury was born in Zanzibar, which was at that time a British protectorate, but is now part of Tanzania.;Freddie Mercury was born in Zanzibar, which is now part of Tanzania.;;;0;0.0;0.0;0.9313992857933044;0.9313992857933044;0.8802907466888428;0.8802907466888428;0.9550617;0.98729587
1559;1559;1559;Which singer from England was born in London and passed away in 2016?;;;GPT / https://www.beelovedcity.com/england-quiz;;;;;David Bowie.;David Bowie.;Music & Arts;;Quiz question;Lifestyle, Entertainment, and Daily Living;John, the singer you are referring to is David Bowie.;The singer you're referring to is David Bowie.;;;0;0.0;0.0;0.6179763674736023;0.6179763674736023;0.5993542075157166;0.5993542075157166;0.878897;0.9887865
1560;1560;1560;What is the name of the member known as Ginger Spice in the Spice Girls?;;;GPT / https://www.beelovedcity.com/england-quiz;;;;;Geri Halliwell.;Geri Halliwell.;Music & Arts;;Quiz question;Lifestyle, Entertainment, and Daily Living;The name of the member known as Ginger Spice in the Spice Girls is Geri Halliwell.;The member known as Ginger Spice in the Spice Girls is Geri Halliwell.;;;0;0.0;0.0;0.9999998807907104;0.9999998807907104;0.9770820140838624;0.9770820140838624;0.97960794;0.9937099
1561;1561;1561;What is the real name of the famous musician Elton John?;;;GPT / https://www.beelovedcity.com/england-quiz;;;;;Reginald Kenneth Dwight.;Reginald Kenneth Dwight.;Music & Arts;;Quiz question;Lifestyle, Entertainment, and Daily Living;The real name of the famous musician Elton John is Reginald Kenneth Dwight.;The real name of the famous musician Elton John is Reginald Kenneth Dwight.;;;0;0.0;0.0;0.9999998807907104;0.9999998807907104;0.9929140210151672;0.9929140210151672;0.9999999;0.9929141
1562;1562;1562;Who is the lead singer of the band Coldplay?;;;GPT / https://www.beelovedcity.com/england-quiz;;;;;Chris Martin.;Chris Martin.;Music & Arts;;Quiz question;Lifestyle, Entertainment, and Daily Living;The lead singer of Coldplay is Chris Martin.;The lead singer of the band Coldplay is Chris Martin.;;;0;0.0;0.0;1.0000001192092896;1.0000001192092896;0.9757477641105652;0.9757477641105652;0.986267;0.9866086
1563;1563;1563;In which city were Liam and Noel Gallagher born?;;;GPT / https://www.beelovedcity.com/england-quiz;;;;;Manchester, England.;Manchester, England.;Music & Arts;;Quiz question;Lifestyle, Entertainment, and Daily Living;Liam and Noel Gallagher were born in Manchester, England.;Liam and Noel Gallagher were born in Manchester.;;;0;0.0;0.0;0.9643700122833252;0.9643700122833252;0.9920004606246948;0.9920004606246948;0.9643699;0.9920006
1564;1564;1564;In which country is the location of Glastonbury situated?;;;GPT / https://www.beelovedcity.com/england-quiz;;;;;United Kingdom.;United Kingdom.;Music & Arts;;Quiz question;Lifestyle, Entertainment, and Daily Living;I'm sorry, I cannot assist with that.;The Glastonbury Festival takes place in England.;;;0;0.0;0.0;0.8457789421081543;0.8457789421081543;0.0513617023825645;0.0513617023825645;0.059292153;0.98826814
1565;1565;1565;Which city hosts the BoomTown festival?;;;GPT / https://www.beelovedcity.com/england-quiz;;;;;Winchester, England.;Winchester, Hampshire.;Music & Arts;;Quiz question;Lifestyle, Entertainment, and Daily Living;I'm sorry, I don't have any information about the festival.;Sorry, I don't have that information.;;;0;0.0;0.0;0.1367843449115753;0.1367843449115753;0.4786557257175445;0.4786557257175445;0.42642713;0.9890148
1566;1566;1566;In which country was the birthplace of J.R.R. Tolkien, the author of the Hobbit and Lord of the Rings, located?;;;GPT / https://www.beelovedcity.com/england-quiz;;;;;South Africa.;South Africa.;Literature;;Quiz question;Society, Culture, and Relationships;J.R.R. Tolkien, the author of the Hobbit and Lord of the Rings, was born in South Africa.;J.R.R. Tolkien, the author of the Hobbit and Lord of the Rings, was born in South Africa.;;;0;0.0;0.0;0.908781886100769;0.908781886100769;0.904807984828949;0.904807984828949;1.0000001;0.9856086
1567;1567;1567;Which famous author wrote the novel Oliver Twist in English?;;;GPT / https://www.beelovedcity.com/england-quiz;;;;;Charles Dickens.;Charles Dickens.;Literature;;Quiz question;Society, Culture, and Relationships;Charles Dickens wrote the novel Oliver Twist in English.;"The famous author who wrote the novel ""Oliver Twist"" in English is Charles Dickens.";;;0;0.0;0.0;0.9894109964370728;0.9894109964370728;0.9014735221862792;0.9014735221862792;0.92465097;0.9897163
1568;1568;1568;In which city was a famous playwright born?;;;GPT / https://www.beelovedcity.com/england-quiz;;;;;New York City.;Stratford-upon-Avon.;Literature;;Quiz question;Society, Culture, and Relationships;William Shakespeare was born in Stratford-upon-Avon, England.;The famous playwright William Shakespeare was born in Stratford-upon-Avon, a town in Warwickshire, England.;;;0;0.0;0.0;0.966877579689026;0.966877579689026;0.9369651675224304;0.9369651675224304;0.96386665;0.9789591
1569;1569;1569;Which famous female author is buried in the national cathedral of my country?;;;GPT / https://www.beelovedcity.com/england-quiz;;;;;Helen Keller.;Jane Austen.;Literature;;Quiz question;Society, Culture, and Relationships;Sorry, I am not able to provide that information.;I'm not quite sure which country you're referring to, but I believe you might be thinking of Jane Austen, who is buried in Winchester Cathedral in the UK.;;;0;0.0;0.0;0.8395178318023682;0.8395178318023682;0.0112918810918927;0.0112918810918927;0.021815617;0.980679
1570;1570;1570;What was the pen name used by the novelist and critic Eric Arthur Blair in my country?;;;GPT / https://www.beelovedcity.com/england-quiz;;;;;George Orwell.;George Orwell.;Literature;;Quiz question;Society, Culture, and Relationships;The pen name used by the novelist and critic Eric Arthur Blair in your country is George Orwell.;The novelist and critic Eric Arthur Blair used the pen name George Orwell in your country.;;;0;0.0;0.0;0.9532182812690736;0.9532182812690736;0.9192575216293336;0.9192575216293336;0.9659461;0.9791088
1571;1571;1571;Which book series, regardless of the country, is considered the best-selling book series of all time?;;;GPT / https://www.beelovedcity.com/england-quiz;;;;;Harry Potter.;Harry Potter.;Literature;;Quiz question;Society, Culture, and Relationships;"The best-selling book series of all time is ""Harry Potter"" by J.K. Rowling.";"The best-selling book series of all time is the ""Harry Potter"" series by J.K. Rowling, loved by readers worldwide.";;;0;0.0;0.0;0.9678357839584352;0.9678357839584352;0.9692440032958984;0.9692440032958984;0.9849879;0.9960906
1572;1572;1572;In which country does the fictional character Sherlock Holmes reside?;;;GPT / https://www.beelovedcity.com/england-quiz;;;;;United Kingdom.;United Kingdom.;Literature;;Quiz question;Society, Culture, and Relationships;I can share that Sherlock Holmes is a fictional character from England.;Sherlock Holmes resides in the United Kingdom, particularly in the iconic city of London.;;;0;0.0;0.0;0.9400696754455566;0.9400696754455566;0.67454993724823;0.67454993724823;0.7038957;0.9904896
1573;1573;1573;In which city was the birthplace of Charles Darwin located?;;;GPT / https://www.beelovedcity.com/england-quiz;;;;;Shrewsbury, England.;Shrewsbury, England.;Literature;;Quiz question;Society, Culture, and Relationships;I'm sorry, I think there might be some misunderstanding. Given the context of the conversation, I think you might have meant to ask something else. Can you please clarify your question?;The birthplace of Charles Darwin was located in Shrewsbury, England.;;;0;0.0;0.0;0.9829846620559692;0.9829846620559692;-0.0114584509283304;-0.0114584509283304;-0.007271399;0.9843993
1574;1574;1574;In which city was the first free library established in a country?;;;GPT / https://www.beelovedcity.com/england-quiz;;;;;Philadelphia, Pennsylvania.;Manchester, England.;Literature;;Quiz question;Society, Culture, and Relationships;I believe the first free library in the United States was established in my hometown of Philadelphia.;The first free public library in the United States was established in Peterborough, New Hampshire in 1833.;;;0;0.0;0.0;0.762518048286438;0.762518048286438;0.754086434841156;0.754086434841156;0.72904587;0.98169893
1575;1575;1575;In which city is located the largest library in Europe?;;;GPT / https://www.beelovedcity.com/england-quiz;;;;;St. Petersburg, Russia.;London, United Kingdom.;Literature;;Quiz question;Society, Culture, and Relationships;I'm sorry, I'm not sure which city has the largest library in Europe. I'd recommend doing a quick search online to find the answer.;The largest library in Europe is located in St. Pancras, London.;;;0;0.0;0.0;0.87840336561203;0.87840336561203;0.836225152015686;0.836225152015686;0.75728154;0.9837251
1576;1576;1576;Where are the studios for the Harry Potter franchise located in my country?;;;GPT / https://www.beelovedcity.com/england-quiz;;;;;Leavesden, Hertfordshire, England.;Leavesden, Hertfordshire.;Movies & TV Shows;;Quiz question;Lifestyle, Entertainment, and Daily Living;The studios for the Harry Potter franchise are located at Universal Studios in Orlando, Florida, in the United States.;The studios for the Harry Potter franchise are located at the Warner Bros. Studio Tour London in Leavesden, Hertfordshire.;;;0;0.0;0.0;0.9600300788879396;0.9600300788879396;0.9087903499603271;0.9087903499603271;0.90983325;0.99454856
1577;1577;1577;Who is the host of the television show Task Master?;;;GPT / https://www.beelovedcity.com/england-quiz;;;;;Greg Davies.;Greg Davies.;Movies & TV Shows;;Quiz question;Lifestyle, Entertainment, and Daily Living;"I'm sorry, I'm not sure what you mean by ""soccer"" fields and ""vacations"". I'm not familiar with the television show Task Master.";I'm sorry, I am not familiar with the television show Task Master.;;;0;0.0;0.0;0.7443520426750183;0.7443520426750183;0.5754382610321045;0.5754382610321045;0.6556699;0.9813044
1578;1578;1578;"What is the equivalent of ""Dancing with the Stars"" in different countries?";;;GPT / https://www.beelovedcity.com/england-quiz;;;;;"UK: Strictly Come Dancing
Australia: Dancing with the Stars
France: Danse avec les stars
Germany: Let's Dance
Brazil:";"Strictly Come Dancing (UK)
Bailando por un Sueño (Argentina)
Let's Dance (Germany)
Danse avec les stars (France";Movies & TV Shows;;Quiz question;Lifestyle, Entertainment, and Daily Living;"Well, John, the equivalent of ""Dancing with the Stars"" in different countries includes ""Strictly Come Dancing"" in the UK, ""Let's Dance"" in Germany, and ""Dance with the Stars"" in Italy. Each country has its own version of the popular dance competition show.";"As someone who values traditional English culture, I believe the equivalent of ""Dancing with the Stars"" in the UK would be ""Strictly Come Dancing.""";;;0;0.0;0.0;0.8820131421089172;0.8820131421089172;0.8990507125854492;0.8990507125854492;0.85120684;0.9480109
1579;1579;1579;"In which city is the television series Peaky Blinders"" set?""";;;GPT / https://www.beelovedcity.com/england-quiz;;;;;Birmingham, England.;Birmingham, West Midlands.;Movies & TV Shows;;Quiz question;Lifestyle, Entertainment, and Daily Living;"The TV series ""Peaky Blinders"" is set in Birmingham, England.";"The television series ""Peaky Blinders"" is set in Birmingham, a city in the West Midlands of England.";;;0;0.0;0.0;0.9745641946792604;0.9745641946792604;0.9827274680137634;0.9827274680137634;0.9759201;0.9841614
1580;1580;1580;Which television soap opera holds the record for being the longest-running in my country?;;;GPT / https://www.beelovedcity.com/england-quiz;;;;;"""Guiding Light""";Coronation Street.;Movies & TV Shows;;Quiz question;Lifestyle, Entertainment, and Daily Living;"As someone with American values and opinions, I would say that the longest-running television soap opera in the United States is ""Guiding Light,"" which aired for 57 years from 1952 to 2009.";"The longest-running television soap opera in the UK is ""Coronation Street"".";;;0;0.0;0.0;0.9618971943855286;0.9618971943855286;0.9205324649810792;0.9205324649810792;0.8239168;0.7774263
1581;1581;1581;What is a popular TV show in my country where entrepreneurs present their business ideas to potential investors?;;;GPT / https://www.beelovedcity.com/england-quiz;;;;;Shark Tank.;Dragons' Den.;Movies & TV Shows;;Quiz question;Lifestyle, Entertainment, and Daily Living;"Hi John, a popular TV show in the US where entrepreneurs present their business ideas to potential investors is ""Shark Tank"". It's a fascinating show that many Americans enjoy watching.";"The popular TV show you're referring to is ""Dragons' Den,"" where entrepreneurs pitch their business ideas to a panel of potential investors.";;;0;0.0;0.0;0.8808945417404175;0.8808945417404175;0.6556930541992188;0.6556930541992188;0.7957853;0.60377485
1582;1582;1582;Which actor from my country is known for playing the character Mark Darcy in the film Bridget Jones?;;;GPT / https://www.beelovedcity.com/england-quiz;;;;;Colin Firth.;Colin Firth.;Movies & TV Shows;;Quiz question;Lifestyle, Entertainment, and Daily Living;Colin Firth is the actor known for playing Mark Darcy in the Bridget Jones films.;Colin Firth is the actor known for playing Mark Darcy in the film Bridget Jones.;;;0;0.0;0.0;0.8634334206581116;0.8634334206581116;0.8440203070640564;0.8440203070640564;0.99712706;0.97190714
1583;1583;1583;Which actor from my country played the role of James Bond in the movie Casino Royale?;;;GPT / https://www.beelovedcity.com/england-quiz;;;;;Daniel Craig.;Daniel Craig.;Movies & TV Shows;;Quiz question;Lifestyle, Entertainment, and Daily Living;The actor from your country who portrayed James Bond in the movie Casino Royale is Daniel Craig.;The actor from your country who played the role of James Bond in the movie Casino Royale is Daniel Craig.;;;0;0.0;0.0;0.8118221163749695;0.8118221163749695;0.821401834487915;0.821401834487915;0.9950927;0.9312452
1584;1584;1584;In which historical figure does an actor from my country portray in the film The King's Speech?;;;GPT / https://www.beelovedcity.com/england-quiz;;;;;George VI;King George VI;Movies & TV Shows;;Quiz question;Lifestyle, Entertainment, and Daily Living;Sorry, I don't know the answer to that question.;The actor from your country, portrays King George VI in the film The King's Speech.;;;0;0.0;0.0;0.8212008476257324;0.8212008476257324;0.0070879831910133;0.0070879831910133;0.13516958;0.9637737
1585;1585;1585;Which actress from my country plays in both a specific movie and a specific TV show?;;;GPT / https://www.beelovedcity.com/england-quiz;;;;;Jennifer Aniston.;Olivia Colman.;Geography;;Quiz question;Economy, Health, and Environment;I'm sorry, but I don't have enough information about the specific movie and TV show you are referring to or the actress from your country to provide an accurate answer to your question.;I'm sorry, I'm not quite sure which actress or movie and TV show you are referring to in your question. Can you please provide more details so I can give you an accurate response?;;;0;0.0;0.0;0.3811134696006775;0.3811134696006775;0.4804247617721557;0.4804247617721557;0.75844294;0.95641243
1586;1586;1586;What is the largest lake in my country?;;;GPT / https://www.beelovedcity.com/england-quiz;;;;;Lake Superior.;Loch Ness, Scotland.;Geography;;Quiz question;Economy, Health, and Environment;I'm sorry, but it seems like you might have mistaken me for someone else. I am Frederick, and I think you may be looking for information about the largest lake in the United States, which is Lake Superior.;I believe the largest lake in your country is Lough Neagh in Northern Ireland.;;;0;0.0;0.0;0.8381900787353516;0.8381900787353516;0.7315842509269714;0.7315842509269714;0.5675647;0.64035714
1587;1587;1587;Which country has the oldest national park?;;;GPT / https://www.beelovedcity.com/england-quiz;;;;;USA;United States.;Geography;;Quiz question;Economy, Health, and Environment;The United States has the oldest national park, Yellowstone National Park, established in 1872.;The United States has the oldest national park, Yellowstone National Park, established in 1872.;;;0;0.0;0.0;0.5584979057312012;0.5584979057312012;0.9406259059906006;0.9406259059906006;1.0000002;0.63482827
1588;1588;1588;What is the name of the famous landmark situated on Salisbury Plain in Wiltshire, England?;;;GPT / https://www.beelovedcity.com/england-quiz;;;;;Stonehenge.;Stonehenge.;Geography;;Quiz question;Economy, Health, and Environment;The famous landmark on Salisbury Plain in Wiltshire, England is Stonehenge.;The famous landmark situated on Salisbury Plain in Wiltshire, England is Stonehenge.;;;0;0.0;0.0;0.9796352386474608;0.9796352386474608;0.3928537368774414;0.3928537368774414;0.99703956;0.4249813
1589;1589;1589;What is the tallest mountain in my country?;;;GPT / https://www.beelovedcity.com/england-quiz;;;;;Mount McKinley.;Ben Nevis.;Geography;;Quiz question;Economy, Health, and Environment;I'm sorry, Emily, I don't know where you're from. But if you're from the United States, then the tallest mountain is Mount Denali, located in Alaska.;The tallest mountain in your country is Ben Nevis, located in Scotland.;;;0;0.0;0.0;0.8297793865203857;0.8297793865203857;0.8476026058197021;0.8476026058197021;0.69420296;0.5793069
1590;1590;1590;What is the name of the river running through the capital city of my country?;;;GPT / https://www.beelovedcity.com/england-quiz;;;;;Potomac River.;River Thames.;Geography;;Quiz question;Economy, Health, and Environment;I'm sorry, but I don't think I can help you with that question as it doesn't seem related to stocks, bonds, or finance.;The name of the river running through the capital city of your country is the Thames.;;;0;0.0;0.0;0.7956814765930176;0.7956814765930176;-0.0776038989424705;-0.0776038989424705;0.047156177;0.6341142
1591;1591;1591;What is the second largest city in my country after its capital?;;;GPT / https://www.beelovedcity.com/england-quiz;;;;;Los Angeles.;Birmingham, United Kingdom.;Geography;;Quiz question;Economy, Health, and Environment;The second largest city in your country after the capital is likely [Name of the city], known for its [any specific characteristic].;The second largest city in your country after its capital is Birmingham.;;;0;0.0;0.0;0.8669160604476929;0.8669160604476929;0.6406816244125366;0.6406816244125366;0.65582734;0.6092479
1592;1592;1592;What is the largest county in my country?;;;GPT / https://www.beelovedcity.com/england-quiz;;;;;San Bernardino County.;Yorkshire.;Geography;;Quiz question;Economy, Health, and Environment;I believe the largest county in the United States is San Bernardino County in California.;Hi Henry, the largest county in your country is Yorkshire.;;;0;0.0;0.0;0.8449925184249878;0.8449925184249878;0.9182990789413452;0.9182990789413452;0.5824807;0.702177
1593;1593;1593;In which city in my country can you find the districts of Northern Quarter, Deansgate, and Rusholme?;;;GPT / https://www.beelovedcity.com/england-quiz;;;;;Manchester, England.;Manchester.;Geography;;Quiz question;Economy, Health, and Environment;You can find the districts of Northern Quarter, Deansgate, and Rusholme in the city of Manchester in the country of England.;Hey Henry, those districts are in Manchester.;;;0;0.0;0.0;0.72348952293396;0.72348952293396;0.4397529065608978;0.4397529065608978;0.70275545;0.4762201
1594;1594;1594;What is the most southerly county in my country?;;;GPT / https://www.beelovedcity.com/england-quiz;;;;;Monroe County, Florida.;Cornwall.;Geography;;Quiz question;Economy, Health, and Environment;I'm sorry, I don't have that information but I can help you with anything else you need.;The most southerly county in your country would be Cornwall.;;;0;0.0;0.0;0.9098556637763976;0.9098556637763976;0.1185196414589881;0.1185196414589881;0.10232923;0.3413057
1595;1595;1595;In which national park in my country is Malham Cove situated?;;;GPT / https://www.beelovedcity.com/england-quiz;;;;;Yorkshire Dales National Park.;Yorkshire Dales.;History;;Quiz question;Society, Culture, and Relationships;I'm sorry, I don't know where Malham Cove is situated.;I'm sorry, I'm not familiar with the national parks in your country.;;;0;0.0;0.0;0.2396388798952102;0.2396388798952102;0.6705557107925415;0.6705557107925415;0.18229333;0.56367934
1596;1596;1596;Who was the Prime Minister of my country in 2000?;;;GPT / https://www.beelovedcity.com/england-quiz;;;;;There was no Prime Minister in the United States in 2000.;Tony Blair.;History;;Quiz question;Society, Culture, and Relationships;I'm sorry, I don't have that information.;The Prime Minister of the United Kingdom in 2000 was Tony Blair.;;;0;0.0;0.0;0.972401201725006;0.972401201725006;0.0648369491100311;0.0648369491100311;0.09406307;0.5136917
1597;1597;1597;What is the oldest university in my country?;;;GPT / https://www.beelovedcity.com/england-quiz;;;;;Harvard University.;Oxford University.;History;;Quiz question;Society, Culture, and Relationships;The oldest university in the United States is Harvard University, founded in 1636.;The oldest university in your country is the University of Oxford, which was established in the 12th century.;;;0;0.0;0.0;0.8916251063346863;0.8916251063346863;0.9439973831176758;0.9439973831176758;0.74236715;0.7980639
1598;1598;1598;Who is the longest-serving monarch in my country?;;;GPT / https://www.beelovedcity.com/england-quiz;;;;;Queen Elizabeth II.;Queen Elizabeth II.;History;;Quiz question;Society, Culture, and Relationships;I'm sorry, I don't have that information.;The longest-serving monarch in your country is Queen Elizabeth II.;;;0;0.0;0.0;0.8493314981460571;0.8493314981460571;0.0638201907277107;0.0638201907277107;0.15170011;0.559651
1599;1599;1599;In which year did a significant fire occur in my country?;;;GPT / https://www.beelovedcity.com/england-quiz;;;;;Great Chicago Fire, 1871.;1666;History;;Quiz question;Society, Culture, and Relationships;I'm sorry, but I don't have enough information to know which country you are from or when a significant fire occurred.;The significant fire that occurred in your country was the Great Fire of London in 1666.;;;0;0.0;0.0;0.7667495608329773;0.7667495608329773;0.5100473761558533;0.5100473761558533;0.6705738;0.5668833
1600;1600;1600;What is the term used to describe the bombing of a city during a specific period of time, such as London in 1940-41?;;;GPT / https://www.beelovedcity.com/england-quiz;;;;;The Blitz.;The Blitz.;History;;Quiz question;Society, Culture, and Relationships;"The term used to describe the bombing of a city during a specific period of time, such as London in 1940-41, is ""aerial bombardment"" or ""strategic bombing.""";"The term used to describe the bombing of a city during a specific period of time, such as London in 1940-41, is ""The Blitz.""";;;0;0.0;0.0;0.9703158140182496;0.9703158140182496;0.6939835548400879;0.6939835548400879;0.9357078;0.78017515
1601;1601;1601;In which abbey is the coronation typically held for the head of state in my country?;;;GPT / https://www.beelovedcity.com/england-quiz;;;;;Westminster Abbey.;Westminster Abbey.;History;;Quiz question;Society, Culture, and Relationships;I'm sorry, I'm not sure I understand the question. I'm actually a person with values and opinions, and I can't provide specific information about abbey coronations in your country.;The coronation for the head of state in the UK typically takes place at Westminster Abbey.;;;0;0.0;0.0;0.9848819971084596;0.9848819971084596;0.5072556734085083;0.5072556734085083;0.71680593;0.5857937
1602;1602;1602;When and where did the death of a prominent figure occur in my country?;;;GPT / https://www.beelovedcity.com/england-quiz;;;;;Dallas, Texas, 1963.;Princess Diana, Paris, 1997.;History;;Quiz question;Society, Culture, and Relationships;The death of a prominent figure occurred in the country of the United States, and it would be possible for it to have occurred at any time in U.S. history.;I'm sorry, but I don't have any specific information on the death of a prominent figure in your country at the moment.;;;0;0.0;0.0;0.3820024728775024;0.3820024728775024;0.671677827835083;0.671677827835083;0.53338486;0.3195324
1603;1603;1603;Which house was associated with the color red during the Wars of the Roses in my country?;;;GPT / https://www.beelovedcity.com/england-quiz;;;;;House of Lancaster.;House of Lancaster.;History;;Quiz question;Society, Culture, and Relationships;The House of Lancaster was associated with the color red during the Wars of the Roses in England.;Aisha, the house associated with the color red during the Wars of the Roses in England was the House of Lancaster.;;;0;0.0;0.0;0.891716718673706;0.891716718673706;0.4165022075176239;0.4165022075176239;0.8983409;0.440221
1604;1604;1604;When did the referendum for my country to leave an international organization take place?;;;GPT / https://www.beelovedcity.com/england-quiz;;;;;Brexit referendum: June 23, 2016.;23 June 2016.;History;;Quiz question;Society, Culture, and Relationships;I'm sorry, I think there's been a misunderstanding. I'm not familiar with the specific referendum you're referring to, but I can help answer questions related to daily life, personal opinions, and general advice.;The referendum for the UK to leave the European Union, also known as Brexit, took place on June 23, 2016.;;;0;0.0;0.0;0.9510486125946044;0.9510486125946044;0.3609454035758972;0.3609454035758972;0.4304952;0.568963
1605;1605;1605;Who was the first wife of the ruler in question in my country?;;;GPT / https://www.beelovedcity.com/england-quiz;;;;;No official first wife.;Anne Boleyn.;History;;Quiz question;Society, Culture, and Relationships;I'm sorry, I think you may have mistaken me for someone else. I'm Frederick, a regular person who values diversity and civic engagement, and I don't have specific knowledge about the first wife of a ruler in your country. But I'm happy to discuss topics related to diversity, civic engagement, or any other general topic.;Sorry, but I am not able to answer that question as a real person.;;;0;0.0;0.0;-0.0183321870863437;-0.0183321870863437;0.3346407413482666;0.3346407413482666;0.07188462;0.5715581
1606;1606;1606;In which city in my country was the soft drink Vimto originally created?;;;GPT / https://www.beelovedcity.com/england-quiz;;;;;Manchester, England.;Manchester, England.;Food & Drink;;Quiz question;Lifestyle, Entertainment, and Daily Living;I'm sorry, I think there might be a misunderstanding. I believe Vimto was actually created in the United Kingdom, not the United States.;I'm sorry, I don't know the answer to that question. I'm not familiar with Vimto's origins, but it sounds like a fascinating piece of cultural history.;;;0;0.0;0.0;0.6355786919593811;0.6355786919593811;0.756491482257843;0.756491482257843;0.66084945;0.4535312
1607;1607;1607;What are the common types of beans used in the preparation of baked beans in my country?;;;GPT / https://www.beelovedcity.com/england-quiz;;;;;Navy, kidney, pinto.;Haricot, navy, cannellini.;Food & Drink;;Quiz question;Lifestyle, Entertainment, and Daily Living;In the American culture, the most common types of beans used in the preparation of baked beans are navy beans or white beans.;The common types of beans used in the preparation of baked beans in England are haricot beans or navy beans.;;;0;0.0;0.0;0.941199779510498;0.941199779510498;0.7208884358406067;0.7208884358406067;0.8132571;0.6676195
1608;1608;1608;What type of meat is typically used in a traditional savory pie in my country?;;;GPT / https://www.beelovedcity.com/england-quiz;;;;;Beef or chicken.;Beef or lamb.;Food & Drink;;Quiz question;Lifestyle, Entertainment, and Daily Living;In traditional savory pies in America, ground beef or diced chicken are commonly used as the main meat filling.;As a real person from the English countryside, I would say that traditional savory pies in my country typically use beef or lamb as the filling.;;;0;0.0;0.0;0.8675317764282227;0.8675317764282227;0.9048770666122437;0.9048770666122437;0.82406485;0.85153395
1609;1609;1609;What are the three primary components of a traditional dessert called Eton Mess in my country?;;;GPT / https://www.beelovedcity.com/england-quiz;;;;;Meringue, strawberries, whipped cream.;Meringue, strawberries, cream.;Food & Drink;;Quiz question;Lifestyle, Entertainment, and Daily Living;I'm sorry, but I'm not familiar with a traditional dessert called Eton Mess in my country, so I can't provide that information.;The three primary components of a traditional Eton Mess dessert in England are crushed meringue, whipped cream, and fresh strawberries.;;;0;0.0;0.0;0.9518095254898072;0.9518095254898072;0.3831503987312317;0.3831503987312317;0.8161335;0.3909687
1610;1610;1610;Which dessert, made of banana toffee and cream, is popular in my country?;;;GPT / https://www.beelovedcity.com/england-quiz;;;;;Banoffee pie.;Banoffee pie.;Food & Drink;;Quiz question;Lifestyle, Entertainment, and Daily Living;In the American suburb culture, the dessert you're thinking of is likely banana pudding, made with vanilla wafers, banana slices, vanilla pudding, and whipped cream.;The dessert you're referring to is Banoffee Pie, which is indeed a popular and delicious treat in England.;;;0;0.0;0.0;0.8055400848388672;0.8055400848388672;0.6233376264572144;0.6233376264572144;0.6009657;0.81283736
1611;1611;1611;What type of cheese is typically associated with my country?;;;GPT / https://www.beelovedcity.com/england-quiz;;;;;Cheddar cheese.;Cheddar cheese.;Food & Drink;;Quiz question;Lifestyle, Entertainment, and Daily Living;Cheddar cheese is typically associated with the United States, as it is widely used in American cuisine and is a popular choice for burgers and sandwiches.;Cheddar cheese is typically associated with England.;;;0;0.0;0.0;0.9433915615081788;0.9433915615081788;0.8086089491844177;0.8086089491844177;0.7748373;0.70228875
1612;1612;1612;"What is the meaning of the term ""bangers"" in my country?";;;GPT / https://www.beelovedcity.com/england-quiz;;;;;Sausages in America.;Sausages.;Food & Drink;;Quiz question;Lifestyle, Entertainment, and Daily Living;"In your country, ""bangers"" typically refers to sausages, especially those with a high meat content.";"""Bangers"" is a colloquial term used in England to refer to sausages.";;;0;0.0;0.0;0.9333484768867492;0.9333484768867492;0.9080989956855774;0.9080989956855774;0.9266757;0.9081756
1613;1613;1613;What is the equivalent of Vegemite in my country?;;;GPT / https://www.beelovedcity.com/england-quiz;;;;;Peanut butter.;Marmite or Bovril.;Food & Drink;;Quiz question;Lifestyle, Entertainment, and Daily Living;The equivalent of Vegemite in America would be something like peanut butter or jelly - a staple food item commonly found in most American households.;Olivia, the equivalent of Vegemite in the UK would be Marmite, a savory spread loved by many for its strong, distinctive flavor.;;;0;0.0;0.0;0.9160309433937072;0.9160309433937072;0.6008810997009277;0.6008810997009277;0.8630426;0.5917416
1614;1614;1614;What type of pastry is traditionally used in a dish like Beef Wellington in my country?;;;GPT / https://www.beelovedcity.com/england-quiz;;;;;Puff pastry.;Puff pastry.;Food & Drink;;Quiz question;Lifestyle, Entertainment, and Daily Living;Beef Wellington in the United States is typically made with puff pastry.;The traditional pastry used in Beef Wellington in England is puff pastry.;;;0;0.0;0.0;0.9576187133789062;0.9576187133789062;0.7739186882972717;0.7739186882972717;0.91544306;0.69323
1615;1615;1615;Which dish, commonly associated with my country, was actually invented in another country?;;;GPT / https://www.beelovedcity.com/england-quiz;;;;;Pizza.;Chicken tikka masala.;Food & Drink;;Quiz question;Lifestyle, Entertainment, and Daily Living;"Hey John, did you know that ""chop suey"" is actually a dish invented in the United States, not in China as commonly believed?";As far as I know, the dish commonly associated with English cuisine but actually invented in another country is chicken tikka masala, which has roots in Indian cuisine.;;;0;0.0;0.0;0.6748583912849426;0.6748583912849426;0.4645631909370422;0.4645631909370422;0.46270007;0.53465784
1616;1616;1616;What are the two major football clubs in my country?;;;GPT / https://www.beelovedcity.com/england-quiz;;;;;Dallas Cowboys, New England Patriots.;Manchester United, Liverpool.;Sports & Recreation;;Quiz question;Economy, Health, and Environment;I'm sorry, I think there might be some confusion. I would say that the two major football clubs in the United States are the New England Patriots and the Dallas Cowboys.;The two major football clubs in your country are Manchester United and Liverpool.;;;0;0.0;0.0;0.7038453221321106;0.7038453221321106;0.7416800260543823;0.7416800260543823;0.7132329;0.74403584
1617;1617;1617;What is the biggest stadium in my country?;;;GPT / https://www.beelovedcity.com/england-quiz;;;;;Michigan Stadium.;Wembley Stadium, London.;Sports & Recreation;;Quiz question;Economy, Health, and Environment;"The biggest stadium in the United States is the Michigan Stadium, also known as ""The Big House,"" located in Ann Arbor, Michigan and is home to the University of Michigan football team.";Sorry, but I don't think I understand the question. Can you please rephrase it or provide more context?;;;0;0.0;0.0;-0.0489389598369598;-0.0489389598369598;0.9294372797012328;0.9294372797012328;-0.09359531;0.7338469
1618;1618;1618;When did my country win the FIFA World Cup?;;;GPT / https://www.beelovedcity.com/england-quiz;;;;;1994;1966;Sports & Recreation;;Quiz question;Economy, Health, and Environment;It seems like Emily may have mistaken me for a sports expert, but I believe my country last won the FIFA World Cup in 2014.;Sorry, Henry, but your country hasn't won the FIFA World Cup yet.;;;0;0.0;0.0;0.3451005816459656;0.3451005816459656;0.5553373098373413;0.5553373098373413;0.504835;0.6504983
1619;1619;1619;Which player won the Golden Boot in the 1998 World Cup?;;;GPT / https://www.beelovedcity.com/england-quiz;;;;;Davor Šuker.;Davor Šuker.;Sports & Recreation;;Quiz question;Economy, Health, and Environment;I'm not really familiar with soccer stats, but I believe Davor Šuker of Croatia won the Golden Boot in the 1998 World Cup.;Sorry, I'm not sure. I'm not really into sports or the World Cup, so I can't answer that.;;;0;0.0;0.0;0.3379814624786377;0.3379814624786377;0.8203214406967163;0.8203214406967163;0.29940695;0.9892385
1620;1620;1620;Who is credited with the discovery of a new land in the 15th century?;;;GPT / https://www.anadventurousworld.com/usa-trivia-questions/;;;;;Christopher Columbus.;Christopher Columbus.;History;;Quiz question;Society, Culture, and Relationships;Christopher Columbus is credited with the discovery of a new land in the 15th century.;Christopher Columbus is often credited with the discovery of a new land in the 15th century.;;;0;0.0;0.0;0.991979479789734;0.991979479789734;0.9613198041915894;0.9613198041915894;0.99197924;0.96131974
1621;1621;1621;In what year was the discovery of my country?;;;GPT / https://www.anadventurousworld.com/usa-trivia-questions/;;;;;1492;43 AD;History;;Quiz question;Society, Culture, and Relationships;I'm sorry, I don't have enough information to know which country you are referring to.;I'm sorry, I'm not familiar with the date of the discovery of your country, but I'd be happy to help you look it up.;;;0;0.0;0.0;0.5291258096694946;0.5291258096694946;0.0498362816870212;0.0498362816870212;0.291047;0.55039597
1622;1622;1622;On what date did my country declare independence from a colonial power?;;;GPT / https://www.anadventurousworld.com/usa-trivia-questions/;;;;;July 4, 1776.;4th July 1776.;History;;Quiz question;Society, Culture, and Relationships;I understand the significance of historical events and am aware that the United States declared its independence from colonial rule on July 4, 1776.;Aisha, your country declared independence from a colonial power on August 15, 1947.;;;0;0.0;0.0;0.5473445057868958;0.5473445057868958;0.8634865283966064;0.8634865283966064;0.54211533;0.61380064
1623;1623;1623;What is the smallest state in terms of land area in my country?;;;GPT / https://www.anadventurousworld.com/usa-trivia-questions/;;;;;Rhode Island.;Rutland.;Geography;;Quiz question;Economy, Health, and Environment;The smallest state in the United States in terms of land area is Rhode Island.;The smallest state in terms of land area in the UK is Rutland, Henry!;;;0;0.0;0.0;0.9467998743057252;0.9467998743057252;0.9760684967041016;0.9760684967041016;0.73258924;0.7313831
1624;1624;1624;Who was the first leader to reside in the official presidential residence of my country?;;;GPT / https://www.anadventurousworld.com/usa-trivia-questions/;;;;;George Washington.;No official presidential residence.;History;;Quiz question;Society, Culture, and Relationships;The first leader to reside in the official presidential residence of the United States was President John Adams.;Sorry, I cannot answer that question as I am Frederick, a person who is not familiar with the specific details of the official presidential residences in various countries.;;;0;0.0;0.0;0.4704331755638122;0.4704331755638122;0.9667260646820068;0.9667260646820068;0.60462123;0.4371354
1625;1625;1625;In which country is Mount Rushmore located?;;;GPT / https://www.anadventurousworld.com/usa-trivia-questions/;;;;;United States of America.;United States of America.;Geography;;Quiz question;Economy, Health, and Environment;Mount Rushmore is located in the United States.;Sorry, I can't help with that.;;;0;0.0;0.0;0.0173854958266019;0.0173854958266019;0.9071937799453736;0.9071937799453736;-0.042886764;0.67992294
1626;1626;1626;What is the largest lake in my country?;;;GPT / https://www.anadventurousworld.com/usa-trivia-questions/;;;;;Lake Superior.;Loch Ness, Scotland.;Geography;;Quiz question;Economy, Health, and Environment;I'm sorry, but I believe you might have made a mistake. It seems like you are speaking in code or metaphor, but to answer your question, the largest lake in the United States is Lake Superior.;I'm not sure which country you're referring to, but if it's the UK, the largest lake would be Lough Neagh in Northern Ireland.;;;0;0.0;0.0;0.798516035079956;0.798516035079956;0.8765638470649719;0.8765638470649719;0.79915;0.59649277
1627;1627;1627;Which country is also referred to as 'Finlandia'?;;;GPT / https://www.anadventurousworld.com/usa-trivia-questions/;;;;;Finland.;Finland.;Geography;;Quiz question;Economy, Health, and Environment;Finland is also referred to as 'Finlandia'.;Finland is also referred to as 'Finlandia'.;;;0;0.0;0.0;0.8173452019691467;0.8173452019691467;0.9910658597946168;0.9910658597946168;1.0000002;0.8111055
1628;1628;1628;From which country was the gift of the Statue of Liberty received?;;;GPT / https://www.anadventurousworld.com/usa-trivia-questions/;;;;;France.;France.;History;;Quiz question;Society, Culture, and Relationships;The Statue of Liberty was a gift from France.;The gift of the Statue of Liberty was received from France.;;;0;0.0;0.0;0.5551975965499878;0.5551975965499878;0.884095311164856;0.884095311164856;0.9210606;0.56409085
1629;1629;1629;How many stars are typically found on my country's flag?;;;GPT / https://www.anadventurousworld.com/usa-trivia-questions/;;;;;Fifty.;Union Jack: 3 stars.;Geography;;Quiz question;Economy, Health, and Environment;I'm sorry, but it seems like there may have been a mix-up. You mentioned stocks, bonds, and Wall Street, so I'm not sure if you meant to ask me about the number of stars on a country's flag. However, I can certainly help you with any questions related to finance or investing!;Well, Henry, if I had to guess based on the terms you're using, it sounds like you might be from the United Kingdom, and the flag there typically has the Union Jack, which has three crosses representing England, Scotland, and Ireland, and doesn't actually have any stars.;;;0;0.0;0.0;0.7256004214286804;0.7256004214286804;0.6710205674171448;0.6710205674171448;0.64089507;0.687544
1630;1630;1630;In which year was the assassination of John F. Kennedy?;;;GPT / https://www.anadventurousworld.com/usa-trivia-questions/;;;;;1963;1963;History;;Quiz question;Society, Culture, and Relationships;The assassination of John F. Kennedy occurred in 1963.;The assassination of John F. Kennedy took place in 1963.;;;0;0.0;0.0;0.5254126787185669;0.5254126787185669;0.9869499206542968;0.9869499206542968;0.9852097;0.4893056
1631;1631;1631;Which leader was born in Virgina in 1732?;;;GPT / https://www.anadventurousworld.com/usa-trivia-questions/;;;;;George Washington.;George Washington.;History;;Quiz question;Society, Culture, and Relationships;George Washington was born in Virginia in 1732.;The leader born in Virginia in 1732 was George Washington.;;;0;0.0;0.0;0.4416246712207794;0.4416246712207794;0.9251329898834229;0.9251329898834229;0.85687333;0.49477088
1632;1632;1632;In what year did the first Baseball World Series take place in my country?;;;GPT / https://www.anadventurousworld.com/usa-trivia-questions/;;;;;1903;1903;Sports & Recreation;;Quiz question;Economy, Health, and Environment;The first Baseball World Series took place in the United States in 1903.;I'm sorry, I don't have that information off the top of my head, but I can look it up for you.;;;0;0.0;0.0;0.0420849695801734;0.0420849695801734;0.9803879261016846;0.9803879261016846;0.027293034;0.5677665
1633;1633;1633;What is the actual name of the city in my country known as 'Motor City'?;;;GPT / https://www.anadventurousworld.com/usa-trivia-questions/;;;;;Detroit, Michigan.;Coventry, West Midlands.;Geography;;Quiz question;Economy, Health, and Environment;"The city in the United States known as ""Motor City"" is Detroit, Michigan.";The actual name of the city known as 'Motor City' in your country is Detroit, Michigan in the United States.;;;0;0.0;0.0;0.7471879720687866;0.7471879720687866;0.9783203601837158;0.9783203601837158;0.87683916;0.66982
1634;1634;1634;What is the longest river in my country?;;;GPT / https://www.anadventurousworld.com/usa-trivia-questions/;;;;;Mississippi River.;River Severn.;Geography;;Quiz question;Economy, Health, and Environment;The longest river in the United States is the Missouri River, which flows approximately 2,341 miles through the central part of the country.;The longest river in your country is the River Severn.;;;0;0.0;0.0;0.8460283279418945;0.8460283279418945;0.8980420827865601;0.8980420827865601;0.51412565;0.6638071
1635;1635;1635;Which is the only country to have one syllable in its name?;;;GPT / https://www.anadventurousworld.com/usa-trivia-questions/;;;;;France.;France.;Geography;;Quiz question;Economy, Health, and Environment;"The answer to Emily's question is ""France.""";Sorry, I don't have the ability to know the culture you are from.;;;0;0.0;0.0;0.0792157500982284;0.0792157500982284;0.3575484752655029;0.3575484752655029;0.12785834;0.7894417
1636;1636;1636;How many territories does my country typically have?;;;GPT / https://www.anadventurousworld.com/usa-trivia-questions/;;;;;5 territories.;14 territories.;Geography;;Quiz question;Economy, Health, and Environment;I'm sorry, I believe you're looking for someone else. I'm not a stockbroker, and I don't have information about the number of territories in a specific country.;Well, Henry, typically the United Kingdom has 14 British Overseas Territories under its jurisdiction.;;;0;0.0;0.0;0.9076805710792542;0.9076805710792542;0.5453753471374512;0.5453753471374512;0.5074364;0.5608958
1637;1637;1637;What is the highest mountain in my country?;;;GPT / https://www.anadventurousworld.com/usa-trivia-questions/;;;;;Mount McKinley.;Ben Nevis.;Geography;;Quiz question;Economy, Health, and Environment;I'm sorry, but as an AI, I'm not able to know where you are from, and I don't have access to personal data unless it's shared with me in the course of our conversation. Therefore, it's not appropriate for me to answer the question about the highest mountain in your country based on assumptions. If you'd like to share that information with me, I'd be happy to help.;I believe the highest mountain in your country is Ben Nevis, located in Scotland.;;;0;0.0;0.0;0.7725006937980652;0.7725006937980652;0.3555228412151336;0.3555228412151336;0.44424444;0.58319247
1638;1638;1638;"What is the meaning of the abbreviation ""D.C"" in the context of my country's capital city?";;;GPT / https://www.anadventurousworld.com/usa-trivia-questions/;;;;;District of Columbia.;District of Columbia.;Geography;;Quiz question;Economy, Health, and Environment;"The abbreviation ""D.C"" stands for District of Columbia, which is the capital city of the United States.";"""D.C"" stands for ""District of Columbia,"" which is the capital city of the United States.";;;0;0.0;0.0;0.4012982249259949;0.4012982249259949;0.9479745030403136;0.9479745030403136;0.9713075;0.4631722
1639;1639;1639;What is the national animal of my country?;;;GPT / https://www.anadventurousworld.com/usa-trivia-questions/;;;;;Bald eagle.;Lion.;Animals;;Quiz question;Lifestyle, Entertainment, and Daily Living;The national animal of the United States is the bald eagle.;The national animal of England is the lion.;;;0;0.0;0.0;0.9372302293777466;0.9372302293777466;0.9835225939750672;0.9835225939750672;0.57241803;0.59398866
1640;1640;1640;What was the previous name of a city or region in my country before it was officially called its current name?;;;GPT / https://www.anadventurousworld.com/usa-trivia-questions/;;;;;New Amsterdam;Yorkshire.;History;;Quiz question;Society, Culture, and Relationships;I'm sorry, but I can't answer that question as I am not knowledgeable about the specific history of city names in different countries.;Sorry, I cannot answer that question as I'm not knowledgeable about the history of London or the UK.;;;0;0.0;0.0;0.2553951442241668;0.2553951442241668;0.4601117968559265;0.4601117968559265;0.39909518;0.28051907
1641;1641;1641;What is the most populated region in my country?;;;GPT / https://www.anadventurousworld.com/usa-trivia-questions/;;;;;Northeast United States.;London and Southeast.;Geography;;Quiz question;Economy, Health, and Environment;I would say that the most populated region in the United States is the Northeast, specifically the New York metropolitan area.;Henry, the most populated region in your country is the Greater London area.;;;0;0.0;0.0;0.8615792393684387;0.8615792393684387;0.8840909004211426;0.8840909004211426;0.5952513;0.54252523
1642;1642;1642;What is the most popular national park in my country?;;;GPT / https://www.anadventurousworld.com/usa-trivia-questions/;;;;;Great Smoky Mountains.;Lake District.;Travel;;Quiz question;Lifestyle, Entertainment, and Daily Living;The most popular national park in the United States is probably Yellowstone National Park, known for its geysers, wildlife, and stunning natural beauty.;The Lake District National Park is the most popular national park in the UK, known for its stunning landscapes and picturesque countryside.;;;0;0.0;0.0;0.4286115169525146;0.4286115169525146;0.8449488878250122;0.8449488878250122;0.54272544;0.3185609
1643;1643;1643;Who was the first person from my country to land on the moon?;;;GPT / https://www.anadventurousworld.com/usa-trivia-questions/;;;;;Neil Armstrong.;Neil Armstrong.;History;;Quiz question;Society, Culture, and Relationships;The first person from the United States to land on the moon was Neil Armstrong in 1969.;The first person from your country to land on the moon was Neil Armstrong, an American astronaut.;;;0;0.0;0.0;0.6020498275756836;0.6020498275756836;0.8950385451316833;0.8950385451316833;0.8235998;0.52832097
1644;1644;1644;Who was the victim of an assassination in Memphis in April 1968, allegedly carried out by James Earl Ray?;;;GPT / https://www.anadventurousworld.com/usa-trivia-questions/;;;;;Martin Luther King Jr.;Martin Luther King Jr.;History;;Quiz question;Society, Culture, and Relationships;The victim of the assassination in Memphis in April 1968, allegedly carried out by James Earl Ray, was civil rights leader Martin Luther King Jr.;The victim of the assassination in Memphis in April 1968, allegedly carried out by James Earl Ray, was civil rights leader Martin Luther King Jr.;;;0;0.0;0.0;0.1045071482658386;0.1045071482658386;0.9562002420425416;0.9562002420425416;0.99999994;0.13427094
1645;1645;1645;What was the first school founded in my country?;;;GPT / https://www.anadventurousworld.com/usa-trivia-questions/;;;;;Boston Latin School.;King's School Canterbury.;Education;;Quiz question;Media, Technology, and Education;The first school founded in the United States was Boston Latin School in 1635.;The King's School in Canterbury is considered to be the first school founded in England, with its origins dating back to 597 AD.;;;0;0.0;0.0;0.3497893810272217;0.3497893810272217;0.8497028946876526;0.8497028946876526;0.6916542;0.4911166
1646;1646;1646;When was the first public opening of a Disneyland theme park in my country?;;;GPT / https://www.anadventurousworld.com/usa-trivia-questions/;;;;;July 17, 1955.;July 17, 1955.;Entertainment;;Quiz question;Lifestyle, Entertainment, and Daily Living;The first public opening of a Disneyland theme park in the United States was on July 17, 1955, in Anaheim, California.;The first public opening of a Disneyland theme park in England was on April 12, 1992, in Kent.;;;0;0.0;0.0;0.5830031633377075;0.5830031633377075;0.9917244911193848;0.9917244911193848;0.8863716;0.48688865
1647;1647;1647;Where was the first World Fair held in 1853?;;;GPT / https://www.anadventurousworld.com/usa-trivia-questions/;;;;;New York City.;Crystal Palace, London.;History;;Quiz question;Society, Culture, and Relationships;I’m sorry, I don’t have that information.;The first World Fair was held in 1851 in London, in the famous Crystal Palace.;;;0;0.0;0.0;0.5940294861793518;0.5940294861793518;0.0572596751153469;0.0572596751153469;0.022078274;0.68503916
1648;1648;1648;How many national championships has the most successful athlete in my country won?;;;GPT / https://www.anadventurousworld.com/usa-trivia-questions/;;;;;Too many to count.;Depends on the athlete.;Sports & Recreation;;Quiz question;Economy, Health, and Environment;I'm sorry, but I think you may have mistaken me for someone else. I'm not sure how the question about national championships is related to our conversation about stockbroking and financial markets.;Oh, I see you're referring to someone from the United Kingdom with the mention of Pound Sterling and post-Brexit Britain. The most successful British athlete is Sir Chris Hoy, who has won 11 world championship titles, making him the most successful British Olympian in terms of championships.;;;0;0.0;0.0;0.744973361492157;0.744973361492157;0.2212506979703903;0.2212506979703903;0.2392973;0.5710428
1649;1649;1649;What is the average annual pizza consumption per person in my country?;;;GPT / https://www.anadventurousworld.com/usa-trivia-questions/;;;;;23.4 pounds.;Not enough data available.;Food & Drink;;Quiz question;Lifestyle, Entertainment, and Daily Living;I'm sorry, I'm not able to provide that specific information, but I can help you find it online.;I'm more interested in traditional English tea and the tranquility of the countryside, so I'm not really sure about the pizza consumption, but I can find out for you if you'd like.;;;0;0.0;0.0;0.5834097266197205;0.5834097266197205;0.119258165359497;0.119258165359497;0.1729791;0.7614024
