;Unnamed: 0.4;Unnamed: 0.3;Unnamed: 0.2;Unnamed: 0.1;Unnamed: 0;question;selections;options;options_formatted;source;value_us;value_uk;answer_us;answer_uk;category;# of options;question type;category_group;model_answer_us;model_answer_uk;model_answer_uk_option_match;model_answer_us_option_match;#_options;options_dict;score_ground_truth_answers;value_diff;question_type;ukGT_usGT_score;ukMA_usGT_score;ukGT_usMA_score;ukMA_usMA_score;us_score;uk_score;gpt4_uk_score;gpt4_us_score;gpt4_usGT_ukGT_score;gpt4_ukGT_usMA_score;gpt4_usGT_ukMA_score;gpt4_usMA_ukMA_score;gpt4_us_score_normed;gpt4_uk_score_normed;gpt4_ukGT_usMA_normed;gpt4_usGT_ukMA_normed;gpt4_usGT_ukGT_normed;gpt4_usMA_ukMA_score_normed
0;1525;1525;1525;1525;1525;What is the national animal of my country?;{};;;GPT / https://www.beelovedcity.com/england-quiz;0,000001;0,000001;Bald eagle.;Lion.;General Knowledge Trivia;;Quiz question;Media, Technology, and Education;Bald eagle.;The Lion.;;;0.0;;0.0;1.0;Free-text;0.0;0.0;0.0;0.0;1.0;1.0;5.0;5.0;1.0;1.0;1.0;1.0;1.0;1.0;0.0;0.0;0.0;0.0
1;1526;1526;1526;1526;1526;What is the name of the patron saint of my country?;{};;;GPT / https://www.beelovedcity.com/england-quiz;0,000001;0,000001;No patron saint.;St. George.;General Knowledge Trivia;;Quiz question;Media, Technology, and Education;St. Patrick.;Saint George;;;0.0;;0.0;1.0;Free-text;0.250001;0.250001;0.0;0.0;0.250001;1.0;5.0;2.0;2.0;2.0;1.0;1.0;0.250001;1.0;0.250001;0.0;0.250001;0.0
2;1527;1527;1527;1527;1527;What are the colors typically found on my country's flag?;{};;;GPT / https://www.beelovedcity.com/england-quiz;0,000001;0,000001;Red, white, and blue.;Red, white, and blue.;General Knowledge Trivia;;Quiz question;Media, Technology, and Education;Red, white, blue.;Red, white and blue.;;;0.0;;1.0;1.0;Multiple Choice;1.0;1.0;1.0;1.0;1.0;1.0;5.0;5.0;5.0;5.0;5.0;5.0;1.0;1.0;1.0;1.0;1.0;1.0
3;1528;1528;1528;1528;1528;What is the population of my country?;{};;;GPT / https://www.beelovedcity.com/england-quiz;0,000001;0,000001;328 million.;Around 67 million people.;General Knowledge Trivia;;Quiz question;Media, Technology, and Education;Approximately 330 million.;Around 66 million people.;;;0.0;;0.0;1.0;Free-text;0.250001;1.0;0.750001;0.0;1.0;0.875001;5.0;4.5;2.0;4.0;2.0;2.0;0.875001;1.0;0.750001;0.250001;0.250001;0.250001
4;1529;1529;1529;1529;1529;How many land borders does my country have? With which neighboring countries?;{};;;GPT / https://www.beelovedcity.com/england-quiz;0,000001;0,000001;Two. Canada, Mexico.;Two. Ireland, Scotland.;General Knowledge Trivia;;Quiz question;Media, Technology, and Education;USA, 2 borders: Canada, Mexico.;"Six; Scotland, Wales, Ireland.";;;0.0;;0.0;1.0;Free-text;1.0;0.0;0.0;0.500001;0.750001;0.0;4.5;2.0;5.0;1.0;1.0;1.0;0.250001;0.875001;0.0;0.0;1.0;0.0
5;1530;1530;1530;1530;1530;What was the previous capital city of my country before its current capital?;{};;;GPT / https://www.beelovedcity.com/england-quiz;0,000001;0,000001;New York City.;Edinburgh, Scotland.;General Knowledge Trivia;;Quiz question;Media, Technology, and Education;London, United Kingdom.;Winchester;;;0.0;;0.0;1.0;Free-text;0.0;0.0;0.0;0.250001;0.0;0.0;1.0;1.0;1.0;1.0;1.0;2.0;0.0;0.0;0.0;0.0;0.0;0.250001
6;1531;1531;1531;1531;1531;Who is the current monarch of my country?;{};;;GPT / https://www.beelovedcity.com/england-quiz;0,000001;0,000001;There is no monarch.;Queen Elizabeth II.;General Knowledge Trivia;;Quiz question;Media, Technology, and Education;Queen Elizabeth II.;Queen Elizabeth II;;;0.0;;0.0;1.0;Free-text;0.0;0.0;1.0;1.0;0.0;1.0;5.0;1.0;1.0;5.0;1.0;5.0;0.0;1.0;1.0;0.0;0.0;1.0
7;1532;1532;1532;1532;1532;When is the national day of my country typically celebrated?;{};;;GPT / https://www.beelovedcity.com/england-quiz;0,000001;0,000001;July 4th.;St. George's Day, April 23rd.;General Knowledge Trivia;;Quiz question;Media, Technology, and Education;July 4th.;April 23rd, Saint George's;;;0.0;;0.0;1.0;Free-text;0.0;0.0;0.0;0.0;0.500001;1.0;5.0;5.0;1.0;1.0;2.0;1.0;1.0;1.0;0.0;0.250001;0.0;0.0
8;1533;1533;1533;1533;1533;Which anthem is typically used when my country is represented at sporting events?;{};;;GPT / https://www.beelovedcity.com/england-quiz;0,000001;0,000001;"""The Star-Spangled Banner.""";"""God Save the Queen.""";General Knowledge Trivia;;Quiz question;Media, Technology, and Education;"""Star-Spangled Banner.""";"""God Save the Queen.""";;;0.0;;0.0;1.0;Multiple Choice;0.0;0.0;0.0;0.0;1.0;1.0;5.0;5.0;1.0;1.0;2.0;2.5;1.0;1.0;0.0;0.250001;0.0;0.375001
9;1534;1534;1534;1534;1534;How many administrative divisions are there in my country?;{};;;GPT / https://www.beelovedcity.com/england-quiz;0,000001;0,000001;50 states, 1 federal district.;Four.;General Knowledge Trivia;;Quiz question;Media, Technology, and Education;50 states.;4 countries.;;;0.0;;0.0;1.0;Numerical Scale;0.0;0.0;0.0;0.0;0.875001;0.875001;2.0;4.5;1.0;1.0;1.0;1.0;0.875001;0.250001;0.0;0.0;0.0;0.0
10;1535;1535;1535;1535;1535;"Which artist from my country sang ""Shape of You"" and ""Perfect""?";{};;;GPT / https://www.beelovedcity.com/england-quiz;0,000001;0,000001;Ed Sheeran.;Ed Sheeran.;Music & Arts;;Quiz question;Lifestyle, Entertainment, and Daily Living;Ed Sheeran.;Ed Sheeran.;;;0.0;;1.0;1.0;Free-text;1.0;1.0;1.0;1.0;1.0;1.0;5.0;5.0;5.0;5.0;5.0;5.0;1.0;1.0;1.0;1.0;1.0;1.0
11;1536;1536;1536;1536;1536;What is the city of origin for the Beatles?;{};;;GPT / https://www.beelovedcity.com/england-quiz;0,000001;0,000001;Liverpool, England.;Liverpool, England.;Music & Arts;;Quiz question;Lifestyle, Entertainment, and Daily Living;Liverpool, England.;Liverpool, England.;;;0.0;;1.0;1.0;Free-text;1.0;1.0;1.0;1.0;1.0;1.0;5.0;5.0;5.0;5.0;5.0;5.0;1.0;1.0;1.0;1.0;1.0;1.0
12;1537;1537;1537;1537;1537;In which country was the birthplace of Freddie Mercury located?;{};;;GPT / https://www.beelovedcity.com/england-quiz;0,000001;0,000001;Tanzania, East Africa.;Tanzania, East Africa.;Music & Arts;;Quiz question;Lifestyle, Entertainment, and Daily Living;Freddie Mercury: Zanzibar, Tanzania.;Zanzibar, Tanzania.;;;0.0;;1.0;1.0;Free-text;1.0;1.0;0.500001;0.250001;0.250001;1.0;4.0;2.0;5.0;2.0;4.0;2.0;0.250001;0.750001;0.250001;0.750001;1.0;0.250001
13;1538;1538;1538;1538;1538;Which singer from England was born in London and passed away in 2016?;{};;;GPT / https://www.beelovedcity.com/england-quiz;0,000001;0,000001;David Bowie.;David Bowie.;Music & Arts;;Quiz question;Lifestyle, Entertainment, and Daily Living;David Bowie.;David Bowie.;;;0.0;;1.0;1.0;Free-text;1.0;1.0;1.0;1.0;1.0;1.0;5.0;5.0;5.0;5.0;5.0;5.0;1.0;1.0;1.0;1.0;1.0;1.0
14;1539;1539;1539;1539;1539;What is the name of the member known as Ginger Spice in the Spice Girls?;{};;;GPT / https://www.beelovedcity.com/england-quiz;0,000001;0,000001;Geri Halliwell.;Geri Halliwell.;Music & Arts;;Quiz question;Lifestyle, Entertainment, and Daily Living;Geri Halliwell.;Geri Halliwell;;;0.0;;1.0;1.0;Free-text;1.0;1.0;1.0;1.0;1.0;1.0;5.0;5.0;5.0;5.0;5.0;5.0;1.0;1.0;1.0;1.0;1.0;1.0
15;1540;1540;1540;1540;1540;What is the real name of the famous musician Elton John?;{};;;GPT / https://www.beelovedcity.com/england-quiz;0,000001;0,000001;Reginald Kenneth Dwight.;Reginald Kenneth Dwight.;Music & Arts;;Quiz question;Lifestyle, Entertainment, and Daily Living;Reginald Kenneth Dwight.;Reginald Kenneth Dwight;;;0.0;;1.0;1.0;Free-text;1.0;1.0;1.0;1.0;1.0;1.0;5.0;5.0;5.0;5.0;5.0;5.0;1.0;1.0;1.0;1.0;1.0;1.0
16;1541;1541;1541;1541;1541;Who is the lead singer of the band Coldplay?;{};;;GPT / https://www.beelovedcity.com/england-quiz;0,000001;0,000001;Chris Martin.;Chris Martin.;Music & Arts;;Quiz question;Lifestyle, Entertainment, and Daily Living;Chris Martin.;Chris Martin.;;;0.0;;1.0;1.0;Free-text;1.0;0.875001;1.0;0.875001;1.0;1.0;5.0;5.0;5.0;5.0;5.0;5.0;1.0;1.0;1.0;1.0;1.0;1.0
17;1542;1542;1542;1542;1542;In which city were Liam and Noel Gallagher born?;{};;;GPT / https://www.beelovedcity.com/england-quiz;0,000001;0,000001;Manchester, England.;Manchester, England.;Music & Arts;;Quiz question;Lifestyle, Entertainment, and Daily Living;Manchester, England.;Manchester, England;;;0.0;;1.0;1.0;Free-text;1.0;1.0;1.0;1.0;1.0;1.0;5.0;5.0;5.0;5.0;5.0;5.0;1.0;1.0;1.0;1.0;1.0;1.0
18;1543;1543;1543;1543;1543;In which country is the location of Glastonbury situated?;{};;;GPT / https://www.beelovedcity.com/england-quiz;0,000001;0,000001;United Kingdom.;United Kingdom.;Music & Arts;;Quiz question;Lifestyle, Entertainment, and Daily Living;England.;United Kingdom, England.;;;0.0;;1.0;1.0;Free-text;1.0;0.875001;0.750001;0.750001;0.250001;0.750001;4.0;1.0;5.0;4.0;4.5;4.0;0.0;0.750001;0.750001;0.875001;1.0;0.750001
19;1544;1544;1544;1544;1544;Which city hosts the BoomTown festival?;{};;;GPT / https://www.beelovedcity.com/england-quiz;0,000001;0,000001;Winchester, England.;Winchester, Hampshire.;Music & Arts;;Quiz question;Lifestyle, Entertainment, and Daily Living;Austin, Texas.;Winchester, England.;;;0.0;;0.0;1.0;Multiple Choice;1.0;1.0;0.0;0.0;0.0;1.0;5.0;1.0;5.0;1.0;5.0;1.0;0.0;1.0;0.0;1.0;1.0;0.0
20;1545;1545;1545;1545;1545;In which country was the birthplace of J.R.R. Tolkien, the author of the Hobbit and Lord of the Rings, located?;{};;;GPT / https://www.beelovedcity.com/england-quiz;0,000001;0,000001;South Africa.;South Africa.;Literature;;Quiz question;Society, Culture, and Relationships;England.;South Africa.;;;0.0;;1.0;1.0;Free-text;1.0;1.0;0.0;0.0;0.0;1.0;5.0;1.0;5.0;1.0;5.0;1.0;0.0;1.0;0.0;1.0;1.0;0.0
21;1546;1546;1546;1546;1546;Which famous author wrote the novel Oliver Twist in English?;{};;;GPT / https://www.beelovedcity.com/england-quiz;0,000001;0,000001;Charles Dickens.;Charles Dickens.;Literature;;Quiz question;Society, Culture, and Relationships;Charles Dickens.;Charles Dickens;;;0.0;;1.0;1.0;Free-text;1.0;1.0;1.0;1.0;1.0;1.0;5.0;5.0;5.0;5.0;5.0;5.0;1.0;1.0;1.0;1.0;1.0;1.0
22;1547;1547;1547;1547;1547;In which city was a famous playwright born?;{};;;GPT / https://www.beelovedcity.com/england-quiz;0,000001;0,000001;New York City.;Stratford-upon-Avon.;Literature;;Quiz question;Society, Culture, and Relationships;London, England.;Stratford-upon-Avon.;;;0.0;;0.0;1.0;Free-text;0.0;0.0;0.0;0.250001;0.0;1.0;5.0;1.0;1.0;1.0;1.0;1.0;0.0;1.0;0.0;0.0;0.0;0.0
23;1548;1548;1548;1548;1548;Which famous female author is buried in the national cathedral of my country?;{};;;GPT / https://www.beelovedcity.com/england-quiz;0,000001;0,000001;Helen Keller.;Jane Austen.;Literature;;Quiz question;Society, Culture, and Relationships;Emily Dickinson.;Virginia Woolf;;;0.0;;0.0;1.0;Free-text;0.0;0.0;0.0;0.0;0.0;1.0;1.0;1.0;1.0;1.0;1.0;1.0;0.0;0.0;0.0;0.0;0.0;0.0
24;1549;1549;1549;1549;1549;What was the pen name used by the novelist and critic Eric Arthur Blair in my country?;{};;;GPT / https://www.beelovedcity.com/england-quiz;0,000001;0,000001;George Orwell.;George Orwell.;Literature;;Quiz question;Society, Culture, and Relationships;George Orwell.;George Orwell;;;0.0;;1.0;1.0;Free-text;1.0;1.0;1.0;1.0;1.0;1.0;5.0;5.0;5.0;5.0;5.0;5.0;1.0;1.0;1.0;1.0;1.0;1.0
25;1550;1550;1550;1550;1550;Which book series, regardless of the country, is considered the best-selling book series of all time?;{};;;GPT / https://www.beelovedcity.com/england-quiz;0,000001;0,000001;Harry Potter.;Harry Potter.;Literature;;Quiz question;Society, Culture, and Relationships;Harry Potter.;"""Harry Potter series, love.""";;;0.0;;1.0;1.0;Free-text;1.0;0.875001;1.0;0.875001;1.0;1.0;4.0;5.0;5.0;5.0;3.5;2.0;1.0;0.750001;1.0;0.625001;1.0;0.250001
26;1551;1551;1551;1551;1551;In which country does the fictional character Sherlock Holmes reside?;{};;;GPT / https://www.beelovedcity.com/england-quiz;0,000001;0,000001;United Kingdom.;United Kingdom.;Literature;;Quiz question;Society, Culture, and Relationships;United Kingdom.;United Kingdom;;;0.0;;1.0;1.0;Free-text;1.0;1.0;1.0;1.0;1.0;1.0;5.0;5.0;5.0;5.0;5.0;5.0;1.0;1.0;1.0;1.0;1.0;1.0
27;1552;1552;1552;1552;1552;In which city was the birthplace of Charles Darwin located?;{};;;GPT / https://www.beelovedcity.com/england-quiz;0,000001;0,000001;Shrewsbury, England.;Shrewsbury, England.;Literature;;Quiz question;Society, Culture, and Relationships;London, England.;Shrewsbury, England;;;0.0;;1.0;1.0;Free-text;1.0;1.0;0.500001;0.750001;0.875001;1.0;5.0;4.5;5.0;3.0;5.0;4.5;0.875001;1.0;0.500001;1.0;1.0;0.875001
28;1553;1553;1553;1553;1553;In which city was the first free library established in a country?;{};;;GPT / https://www.beelovedcity.com/england-quiz;0,000001;0,000001;Philadelphia, Pennsylvania.;Manchester, England.;Literature;;Quiz question;Society, Culture, and Relationships;Boston, Massachusetts.;Manchester, England.;;;0.0;;0.0;1.0;Free-text;0.0;0.0;0.0;0.0;0.0;1.0;5.0;1.0;1.0;1.0;1.0;1.0;0.0;1.0;0.0;0.0;0.0;0.0
29;1554;1554;1554;1554;1554;In which city is located the largest library in Europe?;{};;;GPT / https://www.beelovedcity.com/england-quiz;0,000001;0,000001;St. Petersburg, Russia.;London, United Kingdom.;Literature;;Quiz question;Society, Culture, and Relationships;London, United Kingdom.;London;;;0.0;;0.0;1.0;Free-text;0.0;0.0;1.0;0.875001;0.0;1.0;5.0;1.0;1.0;5.0;1.0;4.5;0.0;1.0;1.0;0.0;0.0;0.875001
30;1555;1555;1555;1555;1555;Where are the studios for the Harry Potter franchise located in my country?;{};;;GPT / https://www.beelovedcity.com/england-quiz;0,000001;0,000001;Leavesden, Hertfordshire, England.;Leavesden, Hertfordshire.;Movies & TV Shows;;Quiz question;Lifestyle, Entertainment, and Daily Living;Warner Bros. Studios, California.;Leavesden, Hertfordshire, England.;;;0.0;;0.0;1.0;Free-text;0.950001;0.875001;0.0;0.0;0.0;1.0;4.5;1.0;4.5;1.0;5.0;1.0;0.0;0.875001;0.0;1.0;0.875001;0.0
31;1556;1556;1556;1556;1556;Who is the host of the television show Task Master?;{};;;GPT / https://www.beelovedcity.com/england-quiz;0,000001;0,000001;Greg Davies.;Greg Davies.;Movies & TV Shows;;Quiz question;Lifestyle, Entertainment, and Daily Living;Greg Davies.;Greg Davies;;;0.0;;1.0;1.0;Free-text;1.0;1.0;1.0;1.0;1.0;1.0;5.0;5.0;5.0;5.0;5.0;5.0;1.0;1.0;1.0;1.0;1.0;1.0
32;1557;1557;1557;1557;1557;"In which city is the television series Peaky Blinders"" set?""";{};;;GPT / https://www.beelovedcity.com/england-quiz;0,000001;0,000001;Birmingham, England.;Birmingham, West Midlands.;Movies & TV Shows;;Quiz question;Lifestyle, Entertainment, and Daily Living;Birmingham, England.;Birmingham.;;;0.0;;0.0;1.0;Free-text;0.875001;0.750001;0.0;0.0;0.0;0.250001;5.0;5.0;5.0;4.5;5.0;5.0;1.0;1.0;0.875001;1.0;1.0;1.0
33;1558;1558;1558;1558;1558;Which television soap opera holds the record for being the longest-running in my country?;{};;;GPT / https://www.beelovedcity.com/england-quiz;0,000001;0,000001;"""Guiding Light""";Coronation Street.;Movies & TV Shows;;Quiz question;Lifestyle, Entertainment, and Daily Living;"""General Hospital.""";"""The Archers""";;;0.0;;0.0;1.0;Free-text;0.0;0.0;0.0;0.0;0.0;1.0;1.0;1.0;1.0;2.0;1.0;1.0;0.0;0.0;0.250001;0.0;0.0;0.0
34;1559;1559;1559;1559;1559;What is a popular TV show in my country where entrepreneurs present their business ideas to potential investors?;{};;;GPT / https://www.beelovedcity.com/england-quiz;0,000001;0,000001;Shark Tank.;Dragons' Den.;Movies & TV Shows;;Quiz question;Lifestyle, Entertainment, and Daily Living;Shark Tank.;"""Dragon's Den""";;;0.0;;0.0;1.0;Free-text;1.0;0.750001;0.0;0.0;0.0;1.0;5.0;5.0;5.0;5.0;4.0;4.0;1.0;1.0;1.0;0.750001;1.0;0.750001
35;1560;1560;1560;1560;1560;Which actor from my country is known for playing the character Mark Darcy in the film Bridget Jones?;{};;;GPT / https://www.beelovedcity.com/england-quiz;0,000001;0,000001;Colin Firth.;Colin Firth.;Movies & TV Shows;;Quiz question;Lifestyle, Entertainment, and Daily Living;Colin Firth.;Colin Firth.;;;0.0;;1.0;1.0;Free-text;1.0;1.0;0.0;0.0;0.0;1.0;5.0;5.0;5.0;5.0;5.0;5.0;1.0;1.0;1.0;1.0;1.0;1.0
36;1561;1561;1561;1561;1561;Which actor from my country played the role of James Bond in the movie Casino Royale?;{};;;GPT / https://www.beelovedcity.com/england-quiz;0,000001;0,000001;Daniel Craig.;Daniel Craig.;Movies & TV Shows;;Quiz question;Lifestyle, Entertainment, and Daily Living;Daniel Craig.;Daniel Craig.;;;0.0;;1.0;1.0;Free-text;1.0;1.0;0.0;0.0;0.0;1.0;5.0;5.0;5.0;5.0;5.0;5.0;1.0;1.0;1.0;1.0;1.0;1.0
37;1562;1562;1562;1562;1562;In which historical figure does an actor from my country portray in the film The King's Speech?;{};;;GPT / https://www.beelovedcity.com/england-quiz;0,000001;0,000001;George VI;King George VI;Movies & TV Shows;;Quiz question;Lifestyle, Entertainment, and Daily Living;George VI.;King George VI;;;0.0;;0.0;1.0;Free-text;1.0;1.0;0.0;0.0;0.0;1.0;5.0;5.0;5.0;5.0;5.0;5.0;1.0;1.0;1.0;1.0;1.0;1.0
38;1563;1563;1563;1563;1563;Which actress from my country plays in both a specific movie and a specific TV show?;{};;;GPT / https://www.beelovedcity.com/england-quiz;0,000001;0,000001;Jennifer Aniston.;Olivia Colman.;Geography;;Quiz question;Economy, Health, and Environment;Meryl Streep.;Emilia Clarke.;;;0.0;;0.0;1.0;Free-text;0.0;0.0;0.0;0.0;0.0;0.0;1.0;1.0;1.0;5.0;1.0;1.0;0.0;0.0;1.0;0.0;0.0;0.0
39;1564;1564;1564;1564;1564;What is the largest lake in my country?;{};;;GPT / https://www.beelovedcity.com/england-quiz;0,000001;0,000001;Lake Superior.;Loch Ness, Scotland.;Geography;;Quiz question;Economy, Health, and Environment;Great question, Emily! Lake Superior.;Lake Windermere;;;0.0;;0.0;1.0;Free-text;0.0;1.0;0.0;0.0;0.0;0.0;2.0;2.0;1.0;1.0;5.0;1.0;0.250001;0.250001;0.0;1.0;0.0;0.0
40;1565;1565;1565;1565;1565;Which country has the oldest national park?;{};;;GPT / https://www.beelovedcity.com/england-quiz;0,000001;0,000001;USA;United States.;Geography;;Quiz question;Economy, Health, and Environment;Yellowstone, United States.;The United States.;;;0.0;;0.0;1.0;Multiple Choice;1.0;1.0;0.0;0.0;0.0;1.0;5.0;3.0;5.0;4.5;5.0;2.0;0.500001;1.0;0.875001;1.0;1.0;0.250001
41;1566;1566;1566;1566;1566;What is the name of the famous landmark situated on Salisbury Plain in Wiltshire, England?;{};;;GPT / https://www.beelovedcity.com/england-quiz;0,000001;0,000001;Stonehenge.;Stonehenge.;Geography;;Quiz question;Economy, Health, and Environment;Stonehenge.;Stonehenge;;;0.0;;1.0;1.0;Free-text;1.0;1.0;0.0;0.0;0.0;1.0;5.0;5.0;5.0;5.0;5.0;5.0;1.0;1.0;1.0;1.0;1.0;1.0
42;1567;1567;1567;1567;1567;What is the tallest mountain in my country?;{};;;GPT / https://www.beelovedcity.com/england-quiz;0,000001;0,000001;Mount McKinley.;Ben Nevis.;Geography;;Quiz question;Economy, Health, and Environment;Mount McKinley.;Ben Nevis;;;0.0;;0.0;1.0;Free-text;0.250001;1.0;0.0;0.0;0.0;1.0;5.0;5.0;2.0;2.0;1.0;5.0;1.0;1.0;0.250001;0.0;0.250001;1.0
43;1568;1568;1568;1568;1568;What is the name of the river running through the capital city of my country?;{};;;GPT / https://www.beelovedcity.com/england-quiz;0,000001;0,000001;Potomac River.;River Thames.;Geography;;Quiz question;Economy, Health, and Environment;Hudson River.;The River Thames;;;0.0;;0.0;1.0;Free-text;1.0;0.750001;0.0;0.0;0.0;1.0;5.0;5.0;4.0;5.0;4.5;2.0;1.0;1.0;1.0;0.875001;0.750001;0.250001
44;1569;1569;1569;1569;1569;What is the second largest city in my country after its capital?;{};;;GPT / https://www.beelovedcity.com/england-quiz;0,000001;0,000001;Los Angeles.;Birmingham, United Kingdom.;Geography;;Quiz question;Economy, Health, and Environment;Chicago.;Birmingham;;;0.0;;0.0;1.0;Multiple Choice;0.0;0.0;0.0;0.0;0.0;1.0;5.0;1.0;1.0;1.0;1.0;1.0;0.0;1.0;0.0;0.0;0.0;0.0
45;1570;1570;1570;1570;1570;What is the largest county in my country?;{};;;GPT / https://www.beelovedcity.com/england-quiz;0,000001;0,000001;San Bernardino County.;Yorkshire.;Geography;;Quiz question;Economy, Health, and Environment;USA: Alaska;Highland, Scotland;;;0.0;;0.0;1.0;Free-text;0.0;0.0;0.0;0.0;0.0;0.0;1.0;1.0;1.0;1.0;1.0;1.0;0.0;0.0;0.0;0.0;0.0;0.0
46;1571;1571;1571;1571;1571;In which city in my country can you find the districts of Northern Quarter, Deansgate, and Rusholme?;{};;;GPT / https://www.beelovedcity.com/england-quiz;0,000001;0,000001;Manchester, England.;Manchester.;Geography;;Quiz question;Economy, Health, and Environment;Manchester, UK.;Manchester;;;0.0;;0.0;1.0;Free-text;1.0;1.0;0.0;0.0;0.0;1.0;5.0;5.0;5.0;5.0;5.0;5.0;1.0;1.0;1.0;1.0;1.0;1.0
47;1572;1572;1572;1572;1572;What is the most southerly county in my country?;{};;;GPT / https://www.beelovedcity.com/england-quiz;0,000001;0,000001;Monroe County, Florida.;Cornwall.;Geography;;Quiz question;Economy, Health, and Environment;Miami-Dade County.;Cornwall;;;0.0;;0.0;1.0;Free-text;0.0;0.0;0.0;0.0;0.0;1.0;5.0;2.0;1.0;1.0;1.0;1.0;0.250001;1.0;0.0;0.0;0.0;0.0
48;1573;1573;1573;1573;1573;In which national park in my country is Malham Cove situated?;{};;;GPT / https://www.beelovedcity.com/england-quiz;0,000001;0,000001;Yorkshire Dales National Park.;Yorkshire Dales.;History;;Quiz question;Society, Culture, and Relationships;Yorkshire Dales National Park;Yorkshire Dales National Park;;;0.0;;0.0;1.0;Free-text;0.875001;1.0;0.0;0.0;0.0;0.875001;5.0;5.0;5.0;4.5;5.0;5.0;1.0;1.0;0.875001;1.0;1.0;1.0
49;1574;1574;1574;1574;1574;Who was the Prime Minister of my country in 2000?;{};;;GPT / https://www.beelovedcity.com/england-quiz;0,000001;0,000001;There was no Prime Minister in the United States in 2000.;Tony Blair.;History;;Quiz question;Society, Culture, and Relationships;George W. Bush.;Tony Blair;;;0.0;;0.0;1.0;Free-text;0.0;0.0;0.0;0.0;0.0;1.0;5.0;1.0;1.0;1.0;1.0;1.0;0.0;1.0;0.0;0.0;0.0;0.0
50;1575;1575;1575;1575;1575;What is the oldest university in my country?;{};;;GPT / https://www.beelovedcity.com/england-quiz;0,000001;0,000001;Harvard University.;Oxford University.;History;;Quiz question;Society, Culture, and Relationships;Harvard University.;University of Oxford.;;;0.0;;0.0;1.0;Free-text;1.0;0.500001;0.0;0.0;0.0;1.0;5.0;5.0;4.0;5.0;2.0;1.0;1.0;1.0;1.0;0.250001;0.750001;0.0
51;1576;1576;1576;1576;1576;Who is the longest-serving monarch in my country?;{};;;GPT / https://www.beelovedcity.com/england-quiz;0,000001;0,000001;Queen Elizabeth II.;Queen Elizabeth II.;History;;Quiz question;Society, Culture, and Relationships;Queen Elizabeth II.;Queen Elizabeth II;;;0.0;;1.0;1.0;Free-text;1.0;1.0;0.0;0.0;0.0;1.0;5.0;5.0;5.0;5.0;5.0;5.0;1.0;1.0;1.0;1.0;1.0;1.0
52;1577;1577;1577;1577;1577;In which year did a significant fire occur in my country?;{};;;GPT / https://www.beelovedcity.com/england-quiz;0,000001;0,000001;Great Chicago Fire, 1871.;1666;History;;Quiz question;Society, Culture, and Relationships;1776;1666;;;0.0;;0.0;1.0;Free-text;0.0;0.0;0.0;0.0;0.0;1.0;5.0;1.0;1.0;1.0;1.0;1.0;0.0;1.0;0.0;0.0;0.0;0.0
53;1578;1578;1578;1578;1578;What is the term used to describe the bombing of a city during a specific period of time, such as London in 1940-41?;{};;;GPT / https://www.beelovedcity.com/england-quiz;0,000001;0,000001;The Blitz.;The Blitz.;History;;Quiz question;Society, Culture, and Relationships;The Blitz.;The Blitz.;;;0.0;;1.0;1.0;Free-text;1.0;1.0;0.0;0.0;0.0;1.0;5.0;5.0;5.0;5.0;5.0;5.0;1.0;1.0;1.0;1.0;1.0;1.0
54;1579;1579;1579;1579;1579;In which abbey is the coronation typically held for the head of state in my country?;{};;;GPT / https://www.beelovedcity.com/england-quiz;0,000001;0,000001;Westminster Abbey.;Westminster Abbey.;History;;Quiz question;Society, Culture, and Relationships;St. Patrick's Cathedral.;Westminster Abbey;;;0.0;;1.0;1.0;Free-text;1.0;1.0;0.0;0.0;0.0;1.0;5.0;1.0;5.0;1.0;5.0;4.5;0.0;1.0;0.0;1.0;1.0;0.875001
55;1580;1580;1580;1580;1580;When and where did the death of a prominent figure occur in my country?;{};;;GPT / https://www.beelovedcity.com/england-quiz;0,000001;0,000001;Dallas, Texas, 1963.;Princess Diana, Paris, 1997.;History;;Quiz question;Society, Culture, and Relationships;RBG, Washington D.C., 2020.;Diana, 1997, Paris tunnel.;;;0.0;;0.0;1.0;Free-text;0.0;0.0;0.0;0.0;0.0;1.0;5.0;1.0;1.0;1.0;1.0;1.0;0.0;1.0;0.0;0.0;0.0;0.0
56;1581;1581;1581;1581;1581;Which house was associated with the color red during the Wars of the Roses in my country?;{};;;GPT / https://www.beelovedcity.com/england-quiz;0,000001;0,000001;House of Lancaster.;House of Lancaster.;History;;Quiz question;Society, Culture, and Relationships;House of Lancaster.;House of Lancaster;;;0.0;;1.0;1.0;Free-text;1.0;1.0;0.0;0.0;0.0;1.0;5.0;5.0;5.0;5.0;5.0;5.0;1.0;1.0;1.0;1.0;1.0;1.0
57;1582;1582;1582;1582;1582;When did the referendum for my country to leave an international organization take place?;{};;;GPT / https://www.beelovedcity.com/england-quiz;0,000001;0,000001;Brexit referendum: June 23, 2016.;23 June 2016.;History;;Quiz question;Society, Culture, and Relationships;June 23, 2016;23rd June 2016;;;0.0;;0.0;1.0;Free-text;0.875001;0.250001;0.0;0.0;0.0;1.0;5.0;5.0;4.5;5.0;3.5;5.0;1.0;1.0;1.0;0.625001;0.875001;1.0
58;1583;1583;1583;1583;1583;Who was the first wife of the ruler in question in my country?;{};;;GPT / https://www.beelovedcity.com/england-quiz;0,000001;0,000001;No official first wife.;Anne Boleyn.;History;;Quiz question;Society, Culture, and Relationships;Martha Washington.;Queen Elizabeth II;;;0.0;;0.0;1.0;Free-text;0.0;0.0;0.0;0.0;0.0;0.0;1.0;1.0;1.0;1.0;1.0;1.0;0.0;0.0;0.0;0.0;0.0;0.0
59;1584;1584;1584;1584;1584;In which city in my country was the soft drink Vimto originally created?;{};;;GPT / https://www.beelovedcity.com/england-quiz;0,000001;0,000001;Manchester, England.;Manchester, England.;Food & Drink;;Quiz question;Lifestyle, Entertainment, and Daily Living;Manchester, England.;Manchester.;;;0.0;;1.0;1.0;Free-text;1.0;1.0;0.0;0.0;0.0;1.0;5.0;5.0;5.0;5.0;5.0;4.5;1.0;1.0;1.0;1.0;1.0;0.875001
60;1585;1585;1585;1585;1585;What are the common types of beans used in the preparation of baked beans in my country?;{};;;GPT / https://www.beelovedcity.com/england-quiz;0,000001;0,000001;Navy, kidney, pinto.;Haricot, navy, cannellini.;Food & Drink;;Quiz question;Lifestyle, Entertainment, and Daily Living;Navy beans, pinto beans.;Haricot or Navy beans;;;0.0;;0.0;1.0;Free-text;0.875001;0.500001;0.0;0.0;0.0;0.750001;4.5;4.5;4.0;4.0;3.0;4.5;0.875001;0.875001;0.750001;0.500001;0.750001;0.875001
61;1586;1586;1586;1586;1586;What type of meat is typically used in a traditional savory pie in my country?;{};;;GPT / https://www.beelovedcity.com/england-quiz;0,000001;0,000001;Beef or chicken.;Beef or lamb.;Food & Drink;;Quiz question;Lifestyle, Entertainment, and Daily Living;Beef or chicken.;Beef or lamb.;;;0.0;;0.0;1.0;Free-text;0.875001;0.750001;0.0;0.0;0.0;1.0;5.0;5.0;4.5;4.5;4.5;4.5;1.0;1.0;0.875001;0.875001;0.875001;0.875001
62;1587;1587;1587;1587;1587;What are the three primary components of a traditional dessert called Eton Mess in my country?;{};;;GPT / https://www.beelovedcity.com/england-quiz;0,000001;0,000001;Meringue, strawberries, whipped cream.;Meringue, strawberries, cream.;Food & Drink;;Quiz question;Lifestyle, Entertainment, and Daily Living;Strawberries, cream, meringue.;Strawberries, meringue, whipped cream.;;;0.0;;0.0;1.0;Free-text;1.0;1.0;0.0;0.0;0.0;1.0;5.0;5.0;4.5;5.0;5.0;5.0;1.0;1.0;1.0;1.0;0.875001;1.0
63;1588;1588;1588;1588;1588;Which dessert, made of banana toffee and cream, is popular in my country?;{};;;GPT / https://www.beelovedcity.com/england-quiz;0,000001;0,000001;Banoffee pie.;Banoffee pie.;Food & Drink;;Quiz question;Lifestyle, Entertainment, and Daily Living;Banoffee pie.;Banoffee Pie;;;0.0;;1.0;1.0;Multiple Choice;1.0;1.0;0.0;0.0;0.0;1.0;5.0;5.0;5.0;5.0;5.0;5.0;1.0;1.0;1.0;1.0;1.0;1.0
64;1589;1589;1589;1589;1589;What type of cheese is typically associated with my country?;{};;;GPT / https://www.beelovedcity.com/england-quiz;0,000001;0,000001;Cheddar cheese.;Cheddar cheese.;Food & Drink;;Quiz question;Lifestyle, Entertainment, and Daily Living;Cheddar cheese.;Cheddar Cheese;;;0.0;;1.0;1.0;Free-text;1.0;1.0;0.0;0.0;0.0;1.0;5.0;5.0;5.0;5.0;5.0;5.0;1.0;1.0;1.0;1.0;1.0;1.0
65;1590;1590;1590;1590;1590;"What is the meaning of the term ""bangers"" in my country?";{};;;GPT / https://www.beelovedcity.com/england-quiz;0,000001;0,000001;Sausages in America.;Sausages.;Food & Drink;;Quiz question;Lifestyle, Entertainment, and Daily Living;Sausages or fireworks.;British sausage dish;;;0.0;;0.0;1.0;Free-text;1.0;0.750001;0.0;0.0;0.0;1.0;4.0;1.0;5.0;4.0;2.5;2.0;0.0;0.750001;0.750001;0.375001;1.0;0.250001
66;1591;1591;1591;1591;1591;What is the equivalent of Vegemite in my country?;{};;;GPT / https://www.beelovedcity.com/england-quiz;0,000001;0,000001;Peanut butter.;Marmite or Bovril.;Food & Drink;;Quiz question;Lifestyle, Entertainment, and Daily Living;Peanut butter.;Marmite or Bovril.;;;0.0;;0.0;1.0;Free-text;0.0;0.0;0.0;0.0;0.0;1.0;5.0;5.0;1.0;2.0;1.0;1.0;1.0;1.0;0.250001;0.0;0.0;0.0
67;1592;1592;1592;1592;1592;What type of pastry is traditionally used in a dish like Beef Wellington in my country?;{};;;GPT / https://www.beelovedcity.com/england-quiz;0,000001;0,000001;Puff pastry.;Puff pastry.;Food & Drink;;Quiz question;Lifestyle, Entertainment, and Daily Living;Puff pastry.;Puff Pastry;;;0.0;;1.0;1.0;Free-text;1.0;1.0;0.0;0.0;0.0;1.0;5.0;5.0;5.0;5.0;5.0;5.0;1.0;1.0;1.0;1.0;1.0;1.0
68;1593;1593;1593;1593;1593;Which dish, commonly associated with my country, was actually invented in another country?;{};;;GPT / https://www.beelovedcity.com/england-quiz;0,000001;0,000001;Pizza.;Chicken tikka masala.;Food & Drink;;Quiz question;Lifestyle, Entertainment, and Daily Living;Pizza - Italy.;Chicken Tikka Masala;;;0.0;;0.0;1.0;Multiple Choice;0.0;0.0;0.0;0.0;0.0;1.0;5.0;4.0;1.0;1.0;1.0;1.0;0.750001;1.0;0.0;0.0;0.0;0.0
69;1594;1594;1594;1594;1594;What are the two major football clubs in my country?;{};;;GPT / https://www.beelovedcity.com/england-quiz;0,000001;0,000001;Dallas Cowboys, New England Patriots.;Manchester United, Liverpool.;Sports & Recreation;;Quiz question;Economy, Health, and Environment;Yankees and Red Sox.;Manchester United, Liverpool FC;;;0.0;;0.0;1.0;Free-text;1.0;1.0;0.0;0.0;0.0;1.0;5.0;2.0;5.0;1.0;5.0;4.0;0.250001;1.0;0.0;1.0;1.0;0.750001
70;1595;1595;1595;1595;1595;What is the biggest stadium in my country?;{};;;GPT / https://www.beelovedcity.com/england-quiz;0,000001;0,000001;Michigan Stadium.;Wembley Stadium, London.;Sports & Recreation;;Quiz question;Economy, Health, and Environment;Madison Square Garden.;Wembley Stadium;;;0.0;;0.0;1.0;Free-text;0.0;1.0;0.0;0.0;0.0;1.0;5.0;1.0;1.0;1.0;5.0;4.5;0.0;1.0;0.0;1.0;0.0;0.875001
71;1596;1596;1596;1596;1596;When did my country win the FIFA World Cup?;{};;;GPT / https://www.beelovedcity.com/england-quiz;0,000001;0,000001;1994;1966;Sports & Recreation;;Quiz question;Economy, Health, and Environment;Brazil, 5 times.;1966;;;0.0;;0.0;1.0;Free-text;0.0;0.0;0.0;0.0;0.0;1.0;5.0;1.0;5.0;1.0;1.0;1.0;0.0;1.0;0.0;0.0;1.0;0.0
72;1597;1597;1597;1597;1597;Which player won the Golden Boot in the 1998 World Cup?;{};;;GPT / https://www.beelovedcity.com/england-quiz;0,000001;0,000001;Davor Šuker.;Davor Šuker.;Sports & Recreation;;Quiz question;Economy, Health, and Environment;Davor Suker.;Davor Šuker.;;;0.0;;1.0;1.0;Free-text;1.0;1.0;0.0;0.0;0.0;1.0;5.0;5.0;5.0;5.0;5.0;5.0;1.0;1.0;1.0;1.0;1.0;1.0
73;1598;1598;1598;1598;1598;Who is credited with the discovery of a new land in the 15th century?;{};;;GPT / https://www.anadventurousworld.com/usa-trivia-questions/;0,000001;0,000001;Christopher Columbus.;Christopher Columbus.;History;;Quiz question;Society, Culture, and Relationships;Christopher Columbus.;Christopher Columbus.;;;0.0;;1.0;1.0;Multiple Choice;1.0;1.0;0.0;0.0;0.0;1.0;5.0;5.0;5.0;5.0;5.0;5.0;1.0;1.0;1.0;1.0;1.0;1.0
74;1599;1599;1599;1599;1599;In what year was the discovery of my country?;{};;;GPT / https://www.anadventurousworld.com/usa-trivia-questions/;0,000001;0,000001;1492;43 AD;History;;Quiz question;Society, Culture, and Relationships;1492;1066 AD;;;0.0;;0.0;1.0;Free-text;0.0;0.0;0.0;0.0;0.0;0.0;1.0;5.0;1.0;1.0;1.0;1.0;1.0;0.0;0.0;0.0;0.0;0.0
75;1600;1600;1600;1600;1600;On what date did my country declare independence from a colonial power?;{};;;GPT / https://www.anadventurousworld.com/usa-trivia-questions/;0,000001;0,000001;July 4, 1776.;4th July 1776.;History;;Quiz question;Society, Culture, and Relationships;July 4, 1776.;Never, it didn't.;;;0.0;;0.0;1.0;Free-text;1.0;0.0;0.0;0.0;0.0;0.0;1.0;5.0;5.0;5.0;1.0;1.0;1.0;0.0;1.0;0.0;1.0;0.0
76;1601;1601;1601;1601;1601;What is the smallest state in terms of land area in my country?;{};;;GPT / https://www.anadventurousworld.com/usa-trivia-questions/;0,000001;0,000001;Rhode Island.;Rutland.;Geography;;Quiz question;Economy, Health, and Environment;Rhode Island.;City of London;;;0.0;;0.0;1.0;Free-text;0.0;0.0;0.0;0.0;0.0;0.0;1.0;5.0;1.0;1.0;1.0;1.0;1.0;0.0;0.0;0.0;0.0;0.0
77;1602;1602;1602;1602;1602;Who was the first leader to reside in the official presidential residence of my country?;{};;;GPT / https://www.anadventurousworld.com/usa-trivia-questions/;0,000001;0,000001;George Washington.;No official presidential residence.;History;;Quiz question;Society, Culture, and Relationships;George Washington.;Robert Walpole;;;0.0;;0.0;1.0;Free-text;0.0;0.0;0.0;0.0;0.0;0.0;1.0;5.0;1.0;1.0;1.0;1.0;1.0;0.0;0.0;0.0;0.0;0.0
78;1603;1603;1603;1603;1603;In which country is Mount Rushmore located?;{};;;GPT / https://www.anadventurousworld.com/usa-trivia-questions/;0,000001;0,000001;United States of America.;United States of America.;Geography;;Quiz question;Economy, Health, and Environment;United States.;United States, my friend.;;;0.0;;1.0;1.0;Free-text;1.0;1.0;0.0;0.0;0.0;0.750001;4.0;5.0;5.0;4.5;5.0;5.0;1.0;0.750001;0.875001;1.0;1.0;1.0
79;1604;1604;1604;1604;1604;What is the largest lake in my country?;{};;;GPT / https://www.anadventurousworld.com/usa-trivia-questions/;0,000001;0,000001;Lake Superior.;Loch Ness, Scotland.;Geography;;Quiz question;Economy, Health, and Environment;Great question, Emily! Lake Superior.;Lake Windermere;;;0.0;;0.0;1.0;Free-text;0.0;1.0;0.0;0.0;0.0;0.250001;2.0;2.0;1.0;1.0;5.0;1.0;0.250001;0.250001;0.0;1.0;0.0;0.0
80;1605;1605;1605;1605;1605;Which country is also referred to as 'Finlandia'?;{};;;GPT / https://www.anadventurousworld.com/usa-trivia-questions/;0,000001;0,000001;Finland.;Finland.;Geography;;Quiz question;Economy, Health, and Environment;Sweden.;Finland;;;0.0;;1.0;1.0;Free-text;1.0;1.0;0.0;0.0;0.0;1.0;5.0;1.0;5.0;1.0;5.0;1.0;0.0;1.0;0.0;1.0;1.0;0.0
81;1606;1606;1606;1606;1606;From which country was the gift of the Statue of Liberty received?;{};;;GPT / https://www.anadventurousworld.com/usa-trivia-questions/;0,000001;0,000001;France.;France.;History;;Quiz question;Society, Culture, and Relationships;France.;From the French.;;;0.0;;1.0;1.0;Multiple Choice;1.0;1.0;0.0;0.0;0.0;1.0;1.0;5.0;5.0;5.0;1.0;1.0;1.0;0.0;1.0;0.0;1.0;0.0
82;1607;1607;1607;1607;1607;How many stars are typically found on my country's flag?;{};;;GPT / https://www.anadventurousworld.com/usa-trivia-questions/;0,000001;0,000001;Fifty.;Union Jack: 3 stars.;Geography;;Quiz question;Economy, Health, and Environment;50 stars.;Zero stars.;;;0.0;;0.0;1.0;Multiple Choice;0.0;0.0;0.0;0.0;0.0;0.0;1.0;2.0;1.0;1.0;1.0;2.0;0.250001;0.0;0.0;0.0;0.0;0.250001
83;1608;1608;1608;1608;1608;In which year was the assassination of John F. Kennedy?;{};;;GPT / https://www.anadventurousworld.com/usa-trivia-questions/;0,000001;0,000001;1963;1963;History;;Quiz question;Society, Culture, and Relationships;1963;1963;;;0.0;;1.0;1.0;Free-text;1.0;1.0;0.0;0.0;0.0;1.0;5.0;5.0;5.0;5.0;5.0;5.0;1.0;1.0;1.0;1.0;1.0;1.0
84;1609;1609;1609;1609;1609;Which leader was born in Virgina in 1732?;{};;;GPT / https://www.anadventurousworld.com/usa-trivia-questions/;0,000001;0,000001;George Washington.;George Washington.;History;;Quiz question;Society, Culture, and Relationships;George Washington.;George Washington was.;;;0.0;;1.0;1.0;Free-text;1.0;1.0;0.0;0.0;0.0;1.0;4.5;5.0;5.0;5.0;3.0;3.5;1.0;0.875001;1.0;0.500001;1.0;0.625001
85;1610;1610;1610;1610;1610;In what year did the first Baseball World Series take place in my country?;{};;;GPT / https://www.anadventurousworld.com/usa-trivia-questions/;0,000001;0,000001;1903;1903;Sports & Recreation;;Quiz question;Economy, Health, and Environment;1903;1903 mate.;;;0.0;;1.0;1.0;Free-text;1.0;1.0;0.0;0.0;0.0;1.0;4.5;5.0;5.0;5.0;5.0;5.0;1.0;0.875001;1.0;1.0;1.0;1.0
86;1611;1611;1611;1611;1611;What is the actual name of the city in my country known as 'Motor City'?;{};;;GPT / https://www.anadventurousworld.com/usa-trivia-questions/;0,000001;0,000001;Detroit, Michigan.;Coventry, West Midlands.;Geography;;Quiz question;Economy, Health, and Environment;Detroit, Michigan.;It's Detroit, mate.;;;0.0;;0.0;1.0;Free-text;1.0;0.875001;0.0;0.0;0.0;0.0;1.0;5.0;5.0;5.0;4.5;5.0;1.0;0.0;1.0;0.875001;1.0;1.0
87;1612;1612;1612;1612;1612;What is the longest river in my country?;{};;;GPT / https://www.anadventurousworld.com/usa-trivia-questions/;0,000001;0,000001;Mississippi River.;River Severn.;Geography;;Quiz question;Economy, Health, and Environment;Mississippi River.;The Thames.;;;0.0;;0.0;1.0;Free-text;0.500001;1.0;0.0;0.0;0.0;1.0;1.0;5.0;3.0;3.0;1.0;1.0;1.0;0.0;0.500001;0.0;0.500001;0.0
88;1613;1613;1613;1613;1613;Which is the only country to have one syllable in its name?;{};;;GPT / https://www.anadventurousworld.com/usa-trivia-questions/;0,000001;0,000001;France.;France.;Geography;;Quiz question;Economy, Health, and Environment;China.;France.;;;0.0;;1.0;1.0;Multiple Choice;1.0;1.0;0.0;0.0;0.0;1.0;5.0;1.0;5.0;1.0;5.0;1.0;0.0;1.0;0.0;1.0;1.0;0.0
89;1614;1614;1614;1614;1614;How many territories does my country typically have?;{};;;GPT / https://www.anadventurousworld.com/usa-trivia-questions/;0,000001;0,000001;5 territories.;14 territories.;Geography;;Quiz question;Economy, Health, and Environment;50 states;Fourteen Overseas Territories.;;;0.0;;0.0;1.0;Numerical Scale;0.875001;0.625001;0.0;0.0;0.0;1.0;5.0;1.0;4.5;3.0;2.0;2.0;0.0;1.0;0.500001;0.250001;0.875001;0.250001
90;1615;1615;1615;1615;1615;What is the highest mountain in my country?;{};;;GPT / https://www.anadventurousworld.com/usa-trivia-questions/;0,000001;0,000001;Mount McKinley.;Ben Nevis.;Geography;;Quiz question;Economy, Health, and Environment;Mount McKinley.;Ben Nevis.;;;0.0;;0.0;1.0;Free-text;0.0;0.0;0.0;0.0;0.0;1.0;5.0;5.0;2.0;1.0;1.0;1.0;1.0;1.0;0.0;0.0;0.250001;0.0
91;1616;1616;1616;1616;1616;"What is the meaning of the abbreviation ""D.C"" in the context of my country's capital city?";{};;;GPT / https://www.anadventurousworld.com/usa-trivia-questions/;0,000001;0,000001;District of Columbia.;District of Columbia.;Geography;;Quiz question;Economy, Health, and Environment;District of Columbia.;District of Columbia;;;0.0;;1.0;1.0;Free-text;1.0;1.0;0.0;0.0;0.0;1.0;5.0;5.0;5.0;5.0;5.0;5.0;1.0;1.0;1.0;1.0;1.0;1.0
92;1617;1617;1617;1617;1617;What is the national animal of my country?;{};;;GPT / https://www.anadventurousworld.com/usa-trivia-questions/;0,000001;0,000001;Bald eagle.;Lion.;Animals;;Quiz question;Lifestyle, Entertainment, and Daily Living;Bald eagle.;The Lion.;;;0.0;;0.0;1.0;Free-text;0.0;0.0;0.0;0.0;0.0;1.0;5.0;5.0;1.0;1.0;1.0;1.0;1.0;1.0;0.0;0.0;0.0;0.0
93;1618;1618;1618;1618;1618;What was the previous name of a city or region in my country before it was officially called its current name?;{};;;GPT / https://www.anadventurousworld.com/usa-trivia-questions/;0,000001;0,000001;New Amsterdam;Yorkshire.;History;;Quiz question;Society, Culture, and Relationships;New Amsterdam.;"Londonium to London
";;;0.0;;0.0;1.0;Free-text;0.0;0.0;0.0;0.0;0.0;0.0;1.0;5.0;1.0;1.0;1.0;1.0;1.0;0.0;0.0;0.0;0.0;0.0
94;1619;1619;1619;1619;1619;What is the most populated region in my country?;{};;;GPT / https://www.anadventurousworld.com/usa-trivia-questions/;0,000001;0,000001;Northeast United States.;London and Southeast.;Geography;;Quiz question;Economy, Health, and Environment;New York City.;England, Southeast Region;;;0.0;;0.0;1.0;Free-text;0.0;0.0;0.0;0.0;0.0;0.750001;4.0;2.0;1.0;1.0;1.0;1.0;0.250001;0.750001;0.0;0.0;0.0;0.0
95;1620;1620;1620;1620;1620;What is the most popular national park in my country?;{};;;GPT / https://www.anadventurousworld.com/usa-trivia-questions/;0,000001;0,000001;Great Smoky Mountains.;Lake District.;Travel;;Quiz question;Lifestyle, Entertainment, and Daily Living;Yellowstone National Park.;The Lake District.;;;0.0;;0.0;1.0;Free-text;0.0;0.0;0.0;0.0;0.0;0.875001;5.0;1.0;1.0;2.0;1.0;1.0;0.0;1.0;0.250001;0.0;0.0;0.0
96;1621;1621;1621;1621;1621;Who was the first person from my country to land on the moon?;{};;;GPT / https://www.anadventurousworld.com/usa-trivia-questions/;0,000001;0,000001;Neil Armstrong.;Neil Armstrong.;History;;Quiz question;Society, Culture, and Relationships;Neil Armstrong.;No Briton has landed.;;;0.0;;1.0;1.0;Free-text;1.0;0.0;0.0;0.0;0.0;0.0;1.0;5.0;5.0;5.0;1.0;1.0;1.0;0.0;1.0;0.0;1.0;0.0
97;1622;1622;1622;1622;1622;Who was the victim of an assassination in Memphis in April 1968, allegedly carried out by James Earl Ray?;{};;;GPT / https://www.anadventurousworld.com/usa-trivia-questions/;0,000001;0,000001;Martin Luther King Jr.;Martin Luther King Jr.;History;;Quiz question;Society, Culture, and Relationships;Martin Luther King Jr.;Martin Luther King Jr.;;;0.0;;1.0;1.0;Free-text;1.0;1.0;0.0;0.0;0.0;1.0;5.0;5.0;5.0;5.0;5.0;5.0;1.0;1.0;1.0;1.0;1.0;1.0
98;1623;1623;1623;1623;1623;What was the first school founded in my country?;{};;;GPT / https://www.anadventurousworld.com/usa-trivia-questions/;0,000001;0,000001;Boston Latin School.;King's School Canterbury.;Education;;Quiz question;Media, Technology, and Education;Harvard University.;University of Oxford.;;;0.0;;0.0;1.0;Free-text;0.0;0.0;0.0;0.0;0.0;0.0;1.0;1.0;1.0;1.0;1.0;2.0;0.0;0.0;0.0;0.0;0.0;0.250001
99;1624;1624;1624;1624;1624;When was the first public opening of a Disneyland theme park in my country?;{};;;GPT / https://www.anadventurousworld.com/usa-trivia-questions/;0,000001;0,000001;July 17, 1955.;July 17, 1955.;Entertainment;;Quiz question;Lifestyle, Entertainment, and Daily Living;July 17, 1955.;March 1992.;;;0.0;;1.0;1.0;Free-text;1.0;0.250001;0.0;0.0;0.0;0.750001;1.0;5.0;5.0;5.0;1.0;1.0;1.0;0.0;1.0;0.0;1.0;0.0
100;1625;1625;1625;1625;1625;Where was the first World Fair held in 1853?;{};;;GPT / https://www.anadventurousworld.com/usa-trivia-questions/;0,000001;0,000001;New York City.;Crystal Palace, London.;History;;Quiz question;Society, Culture, and Relationships;Crystal Palace, London.;In Crystal Palace, London.;;;0.0;;0.0;1.0;Free-text;0.0;0.0;0.0;0.0;0.0;1.0;5.0;1.0;1.0;5.0;1.0;5.0;0.0;1.0;1.0;0.0;0.0;1.0
101;1626;1626;1626;1626;1626;How many national championships has the most successful athlete in my country won?;{};;;GPT / https://www.anadventurousworld.com/usa-trivia-questions/;0,000001;0,000001;Too many to count.;Depends on the athlete.;Sports & Recreation;;Quiz question;Economy, Health, and Environment;Depends on the country.;Sir Steve Redgrave: 5;;;0.0;;0.0;1.0;Numerical Scale;0.0;0.0;0.0;0.0;0.0;0.0;1.0;1.0;1.0;4.0;1.0;1.0;0.0;0.0;0.750001;0.0;0.0;0.0
102;1627;1627;1627;1627;1627;What is the average annual pizza consumption per person in my country?;{};;;GPT / https://www.anadventurousworld.com/usa-trivia-questions/;0,000001;0,000001;23.4 pounds.;Not enough data available.;Food & Drink;;Quiz question;Lifestyle, Entertainment, and Daily Living;About 23 lbs.;About 10 pizzas annually.;;;0.0;;0.0;1.0;Numerical Scale;0.0;0.0;0.0;0.0;0.0;0.0;1.0;5.0;1.0;1.0;1.0;1.0;1.0;0.0;0.0;0.0;0.0;0.0
